[
  {
    "code": "GA100",
    "Address": "6445 Fulton Industrial Blvd.",
    "City": "Atlanta",
    "State": "GA",
    "Postal Code": "30336",
    "Country": "USA",
    "Phone": "404-344-3166",
    "Fax": "404-346-4535"
  },
  {
    "code": "TX100",
    "Address": "3833 Airport Rd.",
    "City": "Denton",
    "State": "TX",
    "Postal Code": "76207",
    "Country": "USA",
    "Phone": "940-483-8600",
    "Fax": "940-483-8650"
  },
  {
    "code": "MO100",
    "Address": "9911 Woodend Road",
    "City": "Edwardsville",
    "State": "KS",
    "Postal Code": "66111",
    "Country": "USA",
    "Phone": "913-422-6440",
    "Fax": "913-422-8833"
  },
  {
    "code": "NL100",
    "Address": "Libramiento Noreste Km 33.5",
    "City": "Libramiento Noreste Km 33.5",
    "State": "NL",
    "Postal Code": "66052",
    "Country": "MEX",
    "Phone": "555-555-5555",
    "Fax": "555-555-5555"
  },
  {
    "code": "NC100",
    "Address": "4110 Premier Drive Suite 102",
    "City": "High Point",
    "State": "NC",
    "Postal Code": "27265",
    "Country": "USA",
    "Phone": "336-888-3000",
    "Fax": "336-888-3038"
  },
  {
    "code": "IN100",
    "Address": "5851 Guion Road",
    "City": "Indianapolis",
    "State": "IN",
    "Postal Code": "46254",
    "Country": "USA",
    "Phone": "317-472-4300",
    "Fax": "317-472-4415"
  },
  {
    "code": "PA100",
    "Address": "1225 Mid Valley Dr.",
    "City": "Jessup",
    "State": "PA",
    "Postal Code": "18434",
    "Country": "USA",
    "Phone": "570-307-0992",
    "Fax": "570-307-0441"
  },
  {
    "code": "ON100",
    "Address": "900 Wabanaki Drive",
    "City": "Kitchener",
    "State": "ON",
    "Postal Code": "N2C 0B7",
    "Country": "CAN",
    "Phone": "519-748-6566",
    "Fax": "519-748-4230"
  },
  {
    "code": "WA100",
    "Address": "9725 47th Ave.SW Bldg 20 Suite A",
    "City": "Lakewood",
    "State": "WA",
    "Postal Code": "98499",
    "Country": "USA",
    "Phone": "253-617-6100",
    "Fax": "253-983-0149"
  },
  {
    "code": "CA100",
    "Address": "4025 Finch Road",
    "City": "Modesto",
    "State": "CA",
    "Postal Code": "95357",
    "Country": "USA",
    "Phone": "209-548-5000",
    "Fax": "209-548-5009"
  },
  {
    "code": "MY100",
    "Address": "16, Jln Mega 1/7 Tmn Perindustrian",
    "City": "Nusajaya",
    "State": "99",
    "Postal Code": "00000",
    "Country": "CHN",
    "Phone": "555-555-5555",
    "Fax": "555-555-5555"
  },
  {
    "code": "UT100",
    "Address": "1871 South 4800 West",
    "City": "Salt Lake City",
    "State": "UT",
    "Postal Code": "84104",
    "Country": "USA",
    "Phone": "801-978-5800",
    "Fax": "801-908-8807"
  },
  {
    "code": "MN100",
    "Address": "2001 Theurer Blvd.",
    "City": "Winona",
    "State": "MN",
    "Postal Code": "55987",
    "Country": "USA",
    "Phone": "507-454-5374",
    "Fax": "507-453-8049"
  },
  {
    "code": "OH100",
    "Address": "940 W. Wilbeth Rd.",
    "City": "Akron",
    "State": "OH",
    "Postal Code": "44314",
    "Country": "USA",
    "Phone": "330-745-5000",
    "Fax": "330-745-5011"
  }
]