[
  {
   "code": "GA100",
   "Address": "6445 Fulton Industrial Blvd.",
   "City": "Atlanta",
   "State": "GA",
   "Postal Code": "30336",
   "Country": "USA",
   "Phone": "404-344-3166",
   "Fax": "404-346-4535"
 },
  {
   "code": "TX100",
   "Address": "3833 Airport Rd.	",
   "City": "Denton",
   "State": "TX",
   "Postal Code": "76207",
   "Country": "USA",
   "Phone": "940-483-8600",
   "Fax": "940-483-8650"
 },
  {
   "code": "MO100",
   "Address": "9911 Woodend Road	",
   "City": "Edwardsville",
   "State": "KS",
   "Postal Code": "66111",
   "Country": "USA",
   "Phone": "913-422-6440	",
   "Fax": "913-422-8833"
 },
  {
   "code": "NL100",
   "Address": "Libramiento Noreste Km 33.5	",
   "City": "Libramiento Noreste Km 33.5	",
   "State": "NL",
   "Postal Code": "66052",
   "Country": "MEX",
   "Phone": "555-555-5555",
   "Fax": "555-555-5555"
 },
  {
   "code": "NC100",
   "Address": "4110 Premier Drive Suite 102	",
   "City": "High Point",
   "State": "NC",
   "Postal Code": "27265",
   "Country": "USA",
   "Phone": "336-888-3000",
   "Fax": "336-888-3038"
 },
  {
   "code": "IN100",
   "Address": "5851 Guion Road",
   "City": "Indianapolis",
   "State": "IN",
   "Postal Code": "46254",
   "Country": "USA",
   "Phone": "317-472-4300",
   "Fax": "317-472-4415"
 },
  {
   "code": "PA100",
   "Address": "1225 Mid Valley Dr.	",
   "City": "Jessup",
   "State": "PA",
   "Postal Code": "18434",
   "Country": "USA",
   "Phone": "570-307-0992",
   "Fax": "570-307-0441"
 },
  {
   "code": "ON100",
   "Address": "900 Wabanaki Drive",
   "City": "Kitchener",
   "State": "ON",
   "Postal Code": "N2C 0B7",
   "Country": "CAN",
   "Phone": "519-748-6566",
   "Fax": "519-748-4230"
 },
  {
   "code": "WA100",
   "Address": "9725 47th Ave.SW Bldg 20 Suite A",
   "City": "Lakewood",
   "State": "WA",
   "Postal Code": "98499",
   "Country": "USA",
   "Phone": "253-617-6100	",
   "Fax": "253-983-0149"
 },
  {
   "code": "CA100",
   "Address": "4025 Finch Road",
   "City": "Modesto",
   "State": "CA",
   "Postal Code": "95357",
   "Country": "USA",
   "Phone": "209-548-5000",
   "Fax": "209-548-5009"
 },
  {
   "code": "MY100",
   "Address": "16, Jln Mega 1/7 Tmn Perindustrian",
   "City": "Nusajaya",
   "State": "99",
   "Postal Code": "00000",
   "Country": "CHN",
   "Phone": "555-555-5555",
   "Fax": "555-555-5555"
 },
  {
   "code": "UT100",
   "Address": "1871 South 4800 West",
   "City": "Salt Lake City",
   "State": "UT",
   "Postal Code": "84104",
   "Country": "USA",
   "Phone": "801-978-5800",
   "Fax": "801-908-8807"
 },
  {
   "code": "MN100",
   "Address": "2001 Theurer Blvd.",
   "City": "Winona",
   "State": "MN",
   "Postal Code": "55987",
   "Country": "USA",
   "Phone": "507-454-5374",
   "Fax": "507-453-8049"
 },
  {
   "code": "OH100",
   "Address": "940 W. Wilbeth Rd.	",
   "City": "Akron",
   "State": "OH",
   "Postal Code": "44314",
   "Country": "USA",
   "Phone": "330-745-5000",
   "Fax": "330-745-5011"
 },
 //africa
  {
   "code": "ZAJOH",
   "Branch Code 4": "JOZA",
   "Address": "Unit 1, 8 Vuurslag Avenue",
   "City": "Kempton Park",
   "State": 99,
   "Postal Code": 1620,
   "Country": "ZAF",
   "Phone": "270-100-2013",
   "Fax": "270-866-6260",
   "Email": "zajoh@stores.fastenal.com"
 },
 //asia
 {
   "code": "CHBEJ",
   "Branch Code 4": "BECH",
   "Address": "#6 Futong East Street, Wanjing",
   "City": "Beijing",
   "State": 99,
   "Postal Code": 100102,
   "Country": "CHN",
   "Phone": "",
   "Fax": "",
   "Email": "chbej@stores.fastenal.com"
 },
 {
   "code": "CH007",
   "Branch Code 4": "JACH",
   "Address": "No. 538 Hehai West Road Xinbei Dist",
   "City": "Changzhou",
   "State": 99,
   "Postal Code": 213022,
   "Country": "CHN",
   "Phone": "865-198-5280",
   "Fax": "865-198-5280",
   "Email": "ch007@stores.fastenal.com"
 },
 {
   "code": "CHGUA",
   "Branch Code 4": "GZCH",
   "Address": "#21 Chang Hong Road",
   "City": "Foshan",
   "State": 99,
   "Postal Code": 52830,
   "Country": "CHN",
   "Phone": "867-572-2380",
   "Fax": "867-572-2380",
   "Email": "chgua@stores.fastenal.com"
 },
 {
   "code": "CHHAN",
   "Branch Code 4": "HACH",
   "Address": "No. 2603, Unit 3, Bldg 2",
   "City": "Hangzhou",
   "State": 99,
   "Postal Code": 310000,
   "Country": "CHN",
   "Phone": "",
   "Fax": "",
   "Email": "chhan@stores.fastenal.com"
 },
 {
   "code": "CHQIN",
   "Branch Code 4": "SDCH",
   "Address": "No. 45-B Xiangtan Rd.",
   "City": "Qingdao",
   "State": 99,
   "Postal Code": 266043,
   "Country": "CHN",
   "Phone": "865-326-8980",
   "Fax": "865-326-8980",
   "Email": "chqin@stores.fastenal.com"
 },
 {
   "code": "CHSHA",
   "Branch Code 4": "SHCH",
   "Address": "C8,No.7,Lane 180,",
   "City": "Shanghai",
   "State": 99,
   "Postal Code": 201613,
   "Country": "CHN",
   "Phone": "011-862133528288",
   "Fax": "011-862133528277",
   "Email": "chsha@stores.fastenal.com"
 },
 {
   "code": "CHSHE",
   "Branch Code 4": "SZCH",
   "Address": "Bldg. 29, Dingfeng Tech Park, Third",
   "City": "Shenzhen",
   "State": 99,
   "Postal Code": 518103,
   "Country": "CHN",
   "Phone": "867-552-3147",
   "Fax": "867-552-3147",
   "Email": "chshe@stores.fastenal.com"
 },
 {
   "code": "CHSUZ",
   "Branch Code 4": "SOCH",
   "Address": "128 Fangzhou Rd. Suzhou Industrial",
   "City": "Suzhou",
   "State": 99,
   "Postal Code": 215027,
   "Country": "CHN",
   "Phone": "865-126-2839",
   "Fax": "865-126-2839",
   "Email": "chsuz@stores.fastenal.com"
 },
 {
   "code": "CHTIA",
   "Branch Code 4": "TJCH",
   "Address": "#8 Xingwang Rd. Wuqing Development",
   "City": "Tianjin",
   "State": 99,
   "Postal Code": 300384,
   "Country": "CHN",
   "Phone": "862-282-1667",
   "Fax": "862-282-1658",
   "Email": "chtia@stores.fastenal.com"
 },
 {
   "code": "CHXIA",
   "Branch Code 4": "FJCH",
   "Address": "No.402 143 Building",
   "City": "Xiamen",
   "State": 99,
   "Postal Code": 363000,
   "Country": "CHN",
   "Phone": "",
   "Fax": "",
   "Email": "chxia@stores.fastenal.com"
 },
 {
   "code": "MY002",
   "Branch Code 4": "PEMY",
   "Address": "No 6, Lebuh Perusahaan Klebang 5",
   "City": "Ipoh",
   "State": 99,
   "Postal Code": 30010,
   "Country": "MYS",
   "Phone": "605-291-6298",
   "Fax": "605-291-2452",
   "Email": "my002@stores.fastenal.com"
 },
 {
   "code": "MYKUA",
   "Branch Code 4": "KTMY",
   "Address": "A-153 1st Floor,  Jalan Air Putih",
   "City": "Kuantan",
   "State": 99,
   "Postal Code": 25300,
   "Country": "MYS",
   "Phone": "609-568-0540",
   "Fax": "609-568-0539",
   "Email": "mykua@stores.fastenal.com"
 },
 {
   "code": "MYJOH",
   "Branch Code 4": "JOMY",
   "Address": "16Jln Mega",
   "City": "Nusajaya",
   "State": 99,
   "Postal Code": 79200,
   "Country": "MYS",
   "Phone": "607-557-9592",
   "Fax": "607-557-9593",
   "Email": "myjoh@stores.fastenal.com"
 },
 {
   "code": "MYSHA",
   "Branch Code 4": "SHMY",
   "Address": "39, Jalan Serendah 26/39",
   "City": "Shah Alam",
   "State": 99,
   "Postal Code": 40400,
   "Country": "MYS",
   "Phone": "603-510-3998",
   "Fax": "603-510-3998",
   "Email": "mysha@stores.fastenal.com"
 },
 {
   "code": "MYBUK",
   "Branch Code 4": "BUMY",
   "Address": "No 1034(A) Jln Kebun Baru",
   "City": "Simpang Ampat",
   "State": 99,
   "Postal Code": 14100,
   "Country": "MYS",
   "Phone": "604-507-8928",
   "Fax": "604-502-1853",
   "Email": "mybuk@stores.fastenal.com"
 },
 {
   "code": "SG001",
   "Branch Code 4": "SISG",
   "Address": "10 Pandan Crescent #05-02",
   "City": "Singapore",
   "State": 99,
   "Postal Code": 128466,
   "Country": "SGP",
   "Phone": "011-6562722524",
   "Fax": "011-6562725366",
   "Email": "sg001@stores.fastenal.com"
 },
 {
   "code": "THBAN",
   "Branch Code 4": "BATH",
   "Address": "289/27 Moo 13 KingKaew Road",
   "City": "Samut Prakan",
   "State": 99,
   "Postal Code": 10540,
   "Country": "THA",
   "Phone": "662-183-7847",
   "Fax": "662-183-7849",
   "Email": "thban@stores.fastenal.com"
 },
 //canada
 {
   "code": "ABACH",
   "Branch Code 4": "CN4H",
   "Address": "26229 Twp 531 A Unit 115",
   "City": "Acheson",
   "State": "AB",
   "Postal Code": "T7X 5A4",
   "Country": "CAN",
   "Phone": "780-960-4120",
   "Fax": "780-960-4672",
   "Email": "abach@stores.fastenal.com"
 },
 {
   "code": "ABAIR",
   "Branch Code 4": "CN3U",
   "Address": "118 Eastlake Blvd NE Suite 101",
   "City": "Airdrie",
   "State": "AB",
   "Postal Code": "T4A 2G2",
   "Country": "CAN",
   "Phone": "403-948-1347",
   "Fax": "403-948-3489",
   "Email": "abair@stores.fastenal.com"
 },
 {
   "code": "ABBRK",
   "Branch Code 4": "CN99",
   "Address": "89-7 Street East Box 447",
   "City": "Brooks",
   "State": "AB",
   "Postal Code": "T1R 1B4",
   "Country": "CAN",
   "Phone": "403-501-5244",
   "Fax": "403-501-5213",
   "Email": "abbrk@stores.fastenal.com"
 },
 {
   "code": "ABCA1",
   "Branch Code 4": "CN72",
   "Address": "BAY P - 2020 32nd Avenue NE",
   "City": "Calgary",
   "State": "AB",
   "Postal Code": "T2E 6T4",
   "Country": "CAN",
   "Phone": "403-291-3282",
   "Fax": "403-291-3755",
   "Email": "abca1@stores.fastenal.com"
 },
 {
   "code": "ABCA2",
   "Branch Code 4": "CN4R",
   "Address": "Bay # 10, 711 48 th Ave. S.E.",
   "City": "Calgary",
   "State": "AB",
   "Postal Code": "T2G 4X2",
   "Country": "CAN",
   "Phone": "403-258-2658",
   "Fax": "403-258-2662",
   "Email": "abca2@stores.fastenal.com"
 },
 {
   "code": "ABCA3",
   "Branch Code 4": "CN6R",
   "Address": "Unit 112, 5050-106th Avenue SE",
   "City": "Calgary",
   "State": "AB",
   "Postal Code": "T2C 5E9",
   "Country": "CAN",
   "Phone": "403-265-0497",
   "Fax": "403-265-9408",
   "Email": "abca3@stores.fastenal.com"
 },
 {
   "code": "ABCAL",
   "Branch Code 4": "CN45",
   "Address": "5200 64th Ave SE",
   "City": "Calgary",
   "State": "AB",
   "Postal Code": "T2C 4V3",
   "Country": "CAN",
   "Phone": "403-235-5802",
   "Fax": "403-207-5725",
   "Email": "abcal@stores.fastenal.com"
 },
 {
   "code": "ABCAM",
   "Branch Code 4": "CN7H",
   "Address": "4810 41st  Street",
   "City": "Camrose",
   "State": "AB",
   "Postal Code": "T4V 1N9",
   "Country": "CAN",
   "Phone": "780-672-8133",
   "Fax": "780-672-8141",
   "Email": "abcam@stores.fastenal.com"
 },
 {
   "code": "ABCAN",
   "Branch Code 4": "CN7F",
   "Address": "1404 Railway Avenue",
   "City": "Canmore",
   "State": "AB",
   "Postal Code": "T1W 1P4",
   "Country": "CAN",
   "Phone": "403-678-9612",
   "Fax": "403-678-9902",
   "Email": "abcan@stores.fastenal.com"
 },
 {
   "code": "ABCOL",
   "Branch Code 4": "CN6E",
   "Address": "Unit# 4 - 5606 54th Street",
   "City": "Cold Lake",
   "State": "AB",
   "Postal Code": "T9M 1K5",
   "Country": "CAN",
   "Phone": "780-594-1304",
   "Fax": "780-594-0531",
   "Email": "abcol@stores.fastenal.com"
 },
 {
   "code": "ABDRA",
   "Branch Code 4": "CN7N",
   "Address": "Bay3, 6426 - 50th Avenue",
   "City": "Drayton Valley",
   "State": "AB",
   "Postal Code": "T7A 0C1",
   "Country": "CAN",
   "Phone": "780-542-2579",
   "Fax": "780-542-5768",
   "Email": "abdra@stores.fastenal.com"
 },
 {
   "code": "ABED1",
   "Branch Code 4": "CN55",
   "Address": "19020 111Ave NW",
   "City": "Edmonton",
   "State": "AB",
   "Postal Code": "T5S 0B6",
   "Country": "CAN",
   "Phone": "780-443-1290",
   "Fax": "780-443-1292",
   "Email": "abed1@stores.fastenal.com"
 },
 {
   "code": "ABED2",
   "Branch Code 4": "CN3G",
   "Address": "4351 68 Ave NW",
   "City": "Edmonton",
   "State": "AB",
   "Postal Code": "T6B 2Y2",
   "Country": "CAN",
   "Phone": "780-490-1330",
   "Fax": "780-490-1345",
   "Email": "abed2@stores.fastenal.com"
 },
 {
   "code": "ABED3",
   "Branch Code 4": "CN4Q",
   "Address": "13107 156th St. NW",
   "City": "Edmonton",
   "State": "AB",
   "Postal Code": "T5V 1V2",
   "Country": "CAN",
   "Phone": "780-482-2338",
   "Fax": "780-482-0494",
   "Email": "abed3@stores.fastenal.com"
 },
 {
   "code": "ABEDM",
   "Branch Code 4": "CN49",
   "Address": "4232 99 St",
   "City": "Edmonton",
   "State": "AB",
   "Postal Code": "T6E 5B4",
   "Country": "CAN",
   "Phone": "780-432-6717",
   "Fax": "780-430-7819",
   "Email": "abedm@stores.fastenal.com"
 },
 {
   "code": "ABEDS",
   "Branch Code 4": "CN7U",
   "Address": "Unit B, 5901 3rd Avenue",
   "City": "Edson",
   "State": "AB",
   "Postal Code": "T7E 1R8",
   "Country": "CAN",
   "Phone": "780-723-2498",
   "Fax": "780-723-3158",
   "Email": "abeds@stores.fastenal.com"
 },
 {
   "code": "ABFO1",
   "Branch Code 4": "CN6Y",
   "Address": "405 Taiga Nova Crescent",
   "City": "Fort Mcmurray",
   "State": "AB",
   "Postal Code": "T9K 0T4",
   "Country": "CAN",
   "Phone": "780-743-5746",
   "Fax": "780-743-0938",
   "Email": "abfo1@stores.fastenal.com"
 },
 {
   "code": "ABFTS",
   "Branch Code 4": "CN5M",
   "Address": "#100 - 11870 88 Avenue",
   "City": "Fort Saskatchewan",
   "State": "AB",
   "Postal Code": "T8L 0K1",
   "Country": "CAN",
   "Phone": "780-992-0011",
   "Fax": "780-992-1861",
   "Email": "abfts@stores.fastenal.com"
 },
 {
   "code": "ABCLA",
   "Branch Code 4": "CN1E",
   "Address": "#3 - 16101 101 Street",
   "City": "Grande Prairie",
   "State": "AB",
   "Postal Code": "T8V 0P2",
   "Country": "CAN",
   "Phone": "780-833-9090",
   "Fax": "780-833-9093",
   "Email": "abcla@stores.fastenal.com"
 },
 {
   "code": "ABLET",
   "Branch Code 4": "CN65",
   "Address": "3761 5th Ave N",
   "City": "Lethbridge",
   "State": "AB",
   "Postal Code": "T1H 5L4",
   "Country": "CAN",
   "Phone": "403-317-3140",
   "Fax": "403-327-3150",
   "Email": "ablet@stores.fastenal.com"
 },
 {
   "code": "ABLLY",
   "Branch Code 4": "CN1N",
   "Address": "#1 5204 63 St.",
   "City": "Lloydminster",
   "State": "AB",
   "Postal Code": "T9V 2E6",
   "Country": "CAN",
   "Phone": "780-875-1850",
   "Fax": "780-875-1229",
   "Email": "ablly@stores.fastenal.com"
 },
 {
   "code": "ABMED",
   "Branch Code 4": "CN76",
   "Address": "705-14 St SW",
   "City": "Medicine Hat",
   "State": "AB",
   "Postal Code": "T1A 4V8",
   "Country": "CAN",
   "Phone": "403-504-5593",
   "Fax": "403-504-5995",
   "Email": "abmed@stores.fastenal.com"
 },
 {
   "code": "ABLED",
   "Branch Code 4": "CN69",
   "Address": "Unit 6 - 1008 17 Avenue",
   "City": "Nisku",
   "State": "AB",
   "Postal Code": "T9E 0G5",
   "Country": "CAN",
   "Phone": "780-955-3036",
   "Fax": "780-955-2280",
   "Email": "abled@stores.fastenal.com"
 },
 {
   "code": "ABRED",
   "Branch Code 4": "CN51",
   "Address": "Unit 126 - 469 McCoy Drive",
   "City": "Red Deer",
   "State": "AB",
   "Postal Code": "T4N 0J7",
   "Country": "CAN",
   "Phone": "403-314-0588",
   "Fax": "403-314-0502",
   "Email": "abred@stores.fastenal.com"
 },
 {
   "code": "ABSHE",
   "Branch Code 4": "CN6A",
   "Address": "Unit# 2, 200 Portage Close",
   "City": "Sherwood Park",
   "State": "AB",
   "Postal Code": "T8H 2R6",
   "Country": "CAN",
   "Phone": "780-416-0218",
   "Fax": "780-416-0244",
   "Email": "abshe@stores.fastenal.com"
 },
 {
   "code": "ABWHT",
   "Branch Code 4": "CN1W",
   "Address": "3335 33rd St.",
   "City": "Whitecourt",
   "State": "AB",
   "Postal Code": "T7S 0A2",
   "Country": "CAN",
   "Phone": "780-706-8899",
   "Fax": "780-706-8844",
   "Email": "abwht@stores.fastenal.com"
 },
 {
   "code": "BCABB",
   "Branch Code 4": "CN54",
   "Address": "1- 30465 Progressive Way",
   "City": "Abbotsford",
   "State": "BC",
   "Postal Code": "V2T 6W3",
   "Country": "CAN",
   "Phone": "604-557-0440",
   "Fax": "604-557-0441",
   "Email": "bcabb@stores.fastenal.com"
 },
 {
   "code": "BCBU1",
   "Branch Code 4": "CN5E",
   "Address": "UNIT3 - 3771 North Fraser Way",
   "City": "Burnaby",
   "State": "BC",
   "Postal Code": "V5J 5G5",
   "Country": "CAN",
   "Phone": "604-629-0460",
   "Fax": "604-629-0462",
   "Email": "bcbu1@stores.fastenal.com"
 },
 {
   "code": "BCBUR",
   "Branch Code 4": "CN46",
   "Address": "3191 Thunderbird Crescent",
   "City": "Burnaby",
   "State": "BC",
   "Postal Code": "V5A 3G1",
   "Country": "CAN",
   "Phone": "604-422-8833",
   "Fax": "604-422-8834",
   "Email": "bcbur@stores.fastenal.com"
 },
 {
   "code": "BCCAM",
   "Branch Code 4": "CN1V",
   "Address": "1890 Island Highway",
   "City": "Campbell River",
   "State": "BC",
   "Postal Code": "V9W 2G1",
   "Country": "CAN",
   "Phone": "250-286-9919",
   "Fax": "250-286-9952",
   "Email": "bccam@stores.fastenal.com"
 },
 {
   "code": "BCCHW",
   "Branch Code 4": "CN5H",
   "Address": "Unit A - 8472 Harvard Place",
   "City": "Chilliwack",
   "State": "BC",
   "Postal Code": "V2P 7Z5",
   "Country": "CAN",
   "Phone": "604-793-7017",
   "Fax": "604-793-7022",
   "Email": "bcchw@stores.fastenal.com"
 },
 {
   "code": "BCDEL",
   "Branch Code 4": "CN09",
   "Address": "1415 Cliveden Ave.",
   "City": "Delta",
   "State": "BC",
   "Postal Code": "V3M 6Z9",
   "Country": "CAN",
   "Phone": "604-517-0636",
   "Fax": "604-517-0637",
   "Email": "bcdel@stores.fastenal.com"
 },
 {
   "code": "BCDET",
   "Branch Code 4": "CN4A",
   "Address": "7163 Vantage Way",
   "City": "Delta",
   "State": "BC",
   "Postal Code": "V4G 1N1",
   "Country": "CAN",
   "Phone": "604-940-6257",
   "Fax": "604-940-6952",
   "Email": "bcdet@stores.fastenal.com"
 },
 {
   "code": "BCDUN",
   "Branch Code 4": "CN4E",
   "Address": "5301 Chaster Rd",
   "City": "Duncan",
   "State": "BC",
   "Postal Code": "V9L 5J2",
   "Country": "CAN",
   "Phone": "250-737-2525",
   "Fax": "250-737-2332",
   "Email": "bcdun@stores.fastenal.com"
 },
 {
   "code": "BCFOR",
   "Branch Code 4": "CN6W",
   "Address": "10610 Bay 2 Alaska Highway",
   "City": "Fort St. John",
   "State": "BC",
   "Postal Code": "V1J 1B3",
   "Country": "CAN",
   "Phone": "250-785-2695",
   "Fax": "250-785-2682",
   "Email": "bcfor@stores.fastenal.com"
 },
 {
   "code": "BCKAM",
   "Branch Code 4": "CN37",
   "Address": "1365A Dalhousie Drive",
   "City": "Kamloops",
   "State": "BC",
   "Postal Code": "V2C 5P6",
   "Country": "CAN",
   "Phone": "250-314-0018",
   "Fax": "250-314-0218",
   "Email": "bckam@stores.fastenal.com"
 },
 {
   "code": "BCKEL",
   "Branch Code 4": "CN28",
   "Address": "#1 801 Dalton Road",
   "City": "Kelowna",
   "State": "BC",
   "Postal Code": "V1X 7X3",
   "Country": "CAN",
   "Phone": "250-491-4424",
   "Fax": "250-491-4462",
   "Email": "bckel@stores.fastenal.com"
 },
 {
   "code": "BCGLU",
   "Branch Code 4": "CN1M",
   "Address": "5250 272ndSt.GloucesterlndPk",
   "City": "Langley",
   "State": "BC",
   "Postal Code": "V4W 1S3",
   "Country": "CAN",
   "Phone": "604-607-3882",
   "Fax": "604-607-3889",
   "Email": "bcglu@stores.fastenal.com"
 },
 {
   "code": "BCMAP",
   "Branch Code 4": "CN5U",
   "Address": "Unit 209 - 20285 Stewart Crescent",
   "City": "Maple Ridge",
   "State": "BC",
   "Postal Code": "V2X 6C3",
   "Country": "CAN",
   "Phone": "604-460-1133",
   "Fax": "604-460-1153",
   "Email": "bcmap@stores.fastenal.com"
 },
 {
   "code": "BCNAN",
   "Branch Code 4": "CN16",
   "Address": "2535 McCullough Road",
   "City": "Nanaimo",
   "State": "BC",
   "Postal Code": "V9S 4M9",
   "Country": "CAN",
   "Phone": "250-729-0277",
   "Fax": "250-729-0574",
   "Email": "bcnan@stores.fastenal.com"
 },
 {
   "code": "BCVA1",
   "Branch Code 4": "CN3A",
   "Address": "949 West 3rd Street, Suite112",
   "City": "North Vancouver",
   "State": "BC",
   "Postal Code": "V7P 3P7",
   "Country": "CAN",
   "Phone": "604-924-0900",
   "Fax": "604-924-0940",
   "Email": "bcva1@stores.fastenal.com"
 },
 {
   "code": "BCPEN",
   "Branch Code 4": "CN6N",
   "Address": "Unit 101 - 300 Okanagan Avenue East",
   "City": "Penticton",
   "State": "BC",
   "Postal Code": "V2A 8N3",
   "Country": "CAN",
   "Phone": "250-276-1195",
   "Fax": "250-276-1197",
   "Email": "bcpen@stores.fastenal.com"
 },
 {
   "code": "BCPOR",
   "Branch Code 4": "CN70",
   "Address": "#107 1525 Broadway Street",
   "City": "Port Coquitlam",
   "State": "BC",
   "Postal Code": "V3C 6P6",
   "Country": "CAN",
   "Phone": "604-945-4465",
   "Fax": "604-945-4485",
   "Email": "bcpor@stores.fastenal.com"
 },
 {
   "code": "BCPRN",
   "Branch Code 4": "CN93",
   "Address": "3803 Hart Highway",
   "City": "Prince George",
   "State": "BC",
   "Postal Code": "V2K 2Z4",
   "Country": "CAN",
   "Phone": "250-962-8321",
   "Fax": "250-962-8370",
   "Email": "bcprn@stores.fastenal.com"
 },
 {
   "code": "BCQUE",
   "Branch Code 4": "CN6V",
   "Address": "101-1271 Highway 97 North",
   "City": "Quesnel",
   "State": "BC",
   "Postal Code": "V2J 2Y3",
   "Country": "CAN",
   "Phone": "250-992-9015",
   "Fax": "250-992-9043",
   "Email": "bcque@stores.fastenal.com"
 },
 {
   "code": "BCRIC",
   "Branch Code 4": "CN77",
   "Address": "Unit 16,11151 Horseshoe Way",
   "City": "Richmond",
   "State": "BC",
   "Postal Code": "V7A 4S5",
   "Country": "CAN",
   "Phone": "604-248-0428",
   "Fax": "604-248-1150",
   "Email": "bcric@stores.fastenal.com"
 },
 {
   "code": "BCLAN",
   "Branch Code 4": "CN5J",
   "Address": "#201 - 203, 19425 Langley By-Pass",
   "City": "Surrey",
   "State": "BC",
   "Postal Code": "V3S 6K1",
   "Country": "CAN",
   "Phone": "604-539-3021",
   "Fax": "604-539-3022",
   "Email": "bclan@stores.fastenal.com"
 },
 {
   "code": "BCSU1",
   "Branch Code 4": "CN2N",
   "Address": "Unit 202 7889 132 St",
   "City": "Surrey",
   "State": "BC",
   "Postal Code": "V3W 4N2",
   "Country": "CAN",
   "Phone": "604-501-9016",
   "Fax": "604-501-4953",
   "Email": "bcsu1@stores.fastenal.com"
 },
 {
   "code": "BCSUR",
   "Branch Code 4": "CN04",
   "Address": "9820 190th Street",
   "City": "Surrey",
   "State": "BC",
   "Postal Code": "V4N 3M9",
   "Country": "CAN",
   "Phone": "604-882-1269",
   "Fax": "604-882-1279",
   "Email": "bcsur@stores.fastenal.com"
 },
 {
   "code": "BCVAN",
   "Branch Code 4": "CN86",
   "Address": "8430 Fraser Street",
   "City": "Vancouver",
   "State": "BC",
   "Postal Code": "V5X 3Y1",
   "Country": "CAN",
   "Phone": "604-876-2658",
   "Fax": "604-876-7727",
   "Email": "bcvan@stores.fastenal.com"
 },
 {
   "code": "BCVER",
   "Branch Code 4": "CN7M",
   "Address": "2709A 43rd Avenue",
   "City": "Vernon",
   "State": "BC",
   "Postal Code": "V1T 3L2",
   "Country": "CAN",
   "Phone": "250-260-7044",
   "Fax": "250-260-7045",
   "Email": "bcver@stores.fastenal.com"
 },
 {
   "code": "BCVIC",
   "Branch Code 4": "CN31",
   "Address": "4224 Commerce Circle",
   "City": "Victoria",
   "State": "BC",
   "Postal Code": "V8Z 6N6",
   "Country": "CAN",
   "Phone": "250-382-0636",
   "Fax": "250-382-0637",
   "Email": "bcvic@stores.fastenal.com"
 },
 {
   "code": "MBBRA",
   "Branch Code 4": "CN67",
   "Address": "404 Park Ave East",
   "City": "Brandon",
   "State": "MB",
   "Postal Code": "R7A 7A8",
   "Country": "CAN",
   "Phone": "204-727-2760",
   "Fax": "204-727-2902",
   "Email": "mbbra@stores.fastenal.com"
 },
 {
   "code": "MBSTE",
   "Branch Code 4": "CN90",
   "Address": "Unit#1, #25 Highway 52 West",
   "City": "Steinbach",
   "State": "MB",
   "Postal Code": "R5G 1X6",
   "Country": "CAN",
   "Phone": "204-326-2498",
   "Fax": "204-326-2653",
   "Email": "mbste@stores.fastenal.com"
 },
 {
   "code": "MBWIK",
   "Branch Code 4": "CN1Y",
   "Address": "389 Manitoba Road",
   "City": "Winkler",
   "State": "MB",
   "Postal Code": "R6W 4A9",
   "Country": "CAN",
   "Phone": "204-331-4242",
   "Fax": "204-331-4340",
   "Email": "mbwik@stores.fastenal.com"
 },
 {
   "code": "MBWI1",
   "Branch Code 4": "CN42",
   "Address": "Unit # 3 - 275 De Baets St.",
   "City": "Winnipeg",
   "State": "MB",
   "Postal Code": "R2J 4A8",
   "Country": "CAN",
   "Phone": "204-668-1312",
   "Fax": "204-668-1351",
   "Email": "mbwi1@stores.fastenal.com"
 },
 {
   "code": "MBWI3",
   "Branch Code 4": "CN75",
   "Address": "1455 Waverly St. Unit 8",
   "City": "Winnipeg",
   "State": "MB",
   "Postal Code": "R3T 0P7",
   "Country": "CAN",
   "Phone": "204-488-6312",
   "Fax": "204-488-6450",
   "Email": "mbwi3@stores.fastenal.com"
 },
 {
   "code": "MBWIN",
   "Branch Code 4": "CN23",
   "Address": "1555 Dublin Ave. Unit #7",
   "City": "Winnipeg",
   "State": "MB",
   "Postal Code": "R3E 3M8",
   "Country": "CAN",
   "Phone": "204-789-9901",
   "Fax": "204-779-0786",
   "Email": "mbwin@stores.fastenal.com"
 },
 {
   "code": "NBBAT",
   "Branch Code 4": "CN34",
   "Address": "1950 Connoly Ave.",
   "City": "Bathurst",
   "State": "NB",
   "Postal Code": "E2A 4W7",
   "Country": "CAN",
   "Phone": "506-548-5626",
   "Fax": "506-548-5833",
   "Email": "nbbat@stores.fastenal.com"
 },
 {
   "code": "NBMON",
   "Branch Code 4": "CN29",
   "Address": "226 Dieppe Blvd.",
   "City": "Dieppe",
   "State": "NB",
   "Postal Code": "E1A 6P8",
   "Country": "CAN",
   "Phone": "506-384-6334",
   "Fax": "506-384-6338",
   "Email": "nbmon@stores.fastenal.com"
 },
 {
   "code": "NBGRA",
   "Branch Code 4": "CN2V",
   "Address": "19 Rue Guy",
   "City": "Edmundston",
   "State": "NB",
   "Postal Code": "E3V 3K5",
   "Country": "CAN",
   "Phone": "506-735-6425",
   "Fax": "506-735-6277",
   "Email": "nbgra@stores.fastenal.com"
 },
 {
   "code": "NBFRE",
   "Branch Code 4": "CN71",
   "Address": "225 Allison Blvd. Unit L",
   "City": "Fredericton",
   "State": "NB",
   "Postal Code": "E3C 2S5",
   "Country": "CAN",
   "Phone": "506-450-7802",
   "Fax": "506-458-5868",
   "Email": "nbfre@stores.fastenal.com"
 },
 {
   "code": "NBMNC",
   "Branch Code 4": "CN8C",
   "Address": "300 Baig Blvd Unit C3",
   "City": "Moncton",
   "State": "NB",
   "Postal Code": "E1E1C8",
   "Country": "CAN",
   "Phone": "506-859-6049",
   "Fax": "506-859-4128",
   "Email": "nbmnc@stores.fastenal.com"
 },
 {
   "code": "NBSAN",
   "Branch Code 4": "CN38",
   "Address": "1185 Bayside Drive, Unit # 3",
   "City": "Saint John",
   "State": "NB",
   "Postal Code": "E2J 4Y2",
   "Country": "CAN",
   "Phone": "506-634-7779",
   "Fax": "506-632-3113",
   "Email": "nbsan@stores.fastenal.com"
 },
 {
   "code": "NFMOU",
   "Branch Code 4": "CN48",
   "Address": "41B Sagona Ave.",
   "City": "Mount Pearl",
   "State": "NL",
   "Postal Code": "A1N 4P9",
   "Country": "CAN",
   "Phone": "709-747-5969",
   "Fax": "709-747-5968",
   "Email": "nfmou@stores.fastenal.com"
 },
 {
   "code": "NFSTJ",
   "Branch Code 4": "CN6H",
   "Address": "Unit 1, 9-11 Hallett Cr.",
   "City": "Saint John'S",
   "State": "NL",
   "Postal Code": "A1B 4B7",
   "Country": "CAN",
   "Phone": "709-579-5179",
   "Fax": "709-579-6254",
   "Email": "nfstj@stores.fastenal.com"
 },
 {
   "code": "NSDAR",
   "Branch Code 4": "CN19",
   "Address": "41 Raddall Ave",
   "City": "Dartmouth",
   "State": "NS",
   "Postal Code": "B3B 1L4",
   "Country": "CAN",
   "Phone": "902-468-9341",
   "Fax": "902-468-9359",
   "Email": "nsdar@stores.fastenal.com"
 },
 {
   "code": "NSHAF",
   "Branch Code 4": "CN1H",
   "Address": "3700 Kempt Road, Suite 4a",
   "City": "Halifax",
   "State": "NS",
   "Postal Code": "B3K 4X8",
   "Country": "CAN",
   "Phone": "902-453-0017",
   "Fax": "902-453-1842",
   "Email": "nshaf@stores.fastenal.com"
 },
 {
   "code": "NSTRU",
   "Branch Code 4": "CN25",
   "Address": "143 Industrial Avenue",
   "City": "Truro",
   "State": "NS",
   "Postal Code": "B2N 6V3",
   "Country": "CAN",
   "Phone": "902-895-3601",
   "Fax": "902-895-3602",
   "Email": "nstru@stores.fastenal.com"
 },
 {
   "code": "ONAUR",
   "Branch Code 4": "CN2H",
   "Address": "75 Mary Street, Unit #7",
   "City": "Aurora",
   "State": "ON",
   "Postal Code": "L4G 1G3",
   "Country": "CAN",
   "Phone": "905-841-9890",
   "Fax": "905-727-7519",
   "Email": "onaur@stores.fastenal.com"
 },
 {
   "code": "ONAYR",
   "Branch Code 4": "CN3F",
   "Address": "2 - 2492 Cedar Creek Road",
   "City": "Ayr",
   "State": "ON",
   "Postal Code": "N0B 1E0",
   "Country": "CAN",
   "Phone": "519-622-4495",
   "Fax": "519-622-5323",
   "Email": "onayr@stores.fastenal.com"
 },
 {
   "code": "ONBA1",
   "Branch Code 4": "CN3V",
   "Address": "18 Alliance Blvd. Unit 8 & 9",
   "City": "Barrie",
   "State": "ON",
   "Postal Code": "L4M 5A5",
   "Country": "CAN",
   "Phone": "705-726-7108",
   "Fax": "705-726-8236",
   "Email": "onba1@stores.fastenal.com"
 },
 {
   "code": "ONBAR",
   "Branch Code 4": "CN21",
   "Address": "431 Bayview Drive, Unit 3",
   "City": "Barrie",
   "State": "ON",
   "Postal Code": "L4N 8Y2",
   "Country": "CAN",
   "Phone": "705-727-9960",
   "Fax": "705-727-9957",
   "Email": "onbar@stores.fastenal.com"
 },
 {
   "code": "ONBEL",
   "Branch Code 4": "CN66",
   "Address": "51 Adam St. Unit # 1",
   "City": "Belleville",
   "State": "ON",
   "Postal Code": "K8N 5K3",
   "Country": "CAN",
   "Phone": "613-969-9664",
   "Fax": "613-969-0420",
   "Email": "onbel@stores.fastenal.com"
 },
 {
   "code": "ONBOT",
   "Branch Code 4": "CN95",
   "Address": "14 McEwan Drive West Unit 2",
   "City": "Bolton",
   "State": "ON",
   "Postal Code": "L7E 1H1",
   "Country": "CAN",
   "Phone": "905-857-2255",
   "Fax": "905-857-4622",
   "Email": "onbot@stores.fastenal.com"
 },
 {
   "code": "ONBRE",
   "Branch Code 4": "CN1Z",
   "Address": "440 Ecclestone Dr. Unit #8",
   "City": "Bracebridge",
   "State": "ON",
   "Postal Code": "P1L 1Z6",
   "Country": "CAN",
   "Phone": "705-645-5440",
   "Fax": "705-645-8505",
   "Email": "onbre@stores.fastenal.com"
 },
 {
   "code": "ONBRA",
   "Branch Code 4": "CN14",
   "Address": "209 Advance Blvd Unit 1",
   "City": "Brampton",
   "State": "ON",
   "Postal Code": "L6T 4V9",
   "Country": "CAN",
   "Phone": "905-790-8387",
   "Fax": "905-790-2622",
   "Email": "onbra@stores.fastenal.com"
 },
 {
   "code": "ONTO6",
   "Branch Code 4": "CN3Z",
   "Address": "20 Automatic Road",
   "City": "Brampton",
   "State": "ON",
   "Postal Code": "L6S 5N6",
   "Country": "CAN",
   "Phone": "905-595-1546",
   "Fax": "905-595-1548",
   "Email": "onto6@stores.fastenal.com"
 },
 {
   "code": "ONBR1",
   "Branch Code 4": "CN4J",
   "Address": "469 Hardy Road Unit 1",
   "City": "Brantford",
   "State": "ON",
   "Postal Code": "N3T 5L8",
   "Country": "CAN",
   "Phone": "519-720-0032",
   "Fax": "519-720-0069",
   "Email": "onbr1@stores.fastenal.com"
 },
 {
   "code": "ONBRN",
   "Branch Code 4": "CN07",
   "Address": "403 Henry St.",
   "City": "Brantford",
   "State": "ON",
   "Postal Code": "N3S 7V6",
   "Country": "CAN",
   "Phone": "519-758-1934",
   "Fax": "519-758-0903",
   "Email": "onbrn@stores.fastenal.com"
 },
 {
   "code": "ONBRC",
   "Branch Code 4": "CN58",
   "Address": "135 Broome Rd.",
   "City": "Brockville",
   "State": "ON",
   "Postal Code": "K6V 5V9",
   "Country": "CAN",
   "Phone": "613-341-9144",
   "Fax": "613-341-9145",
   "Email": "onbrc@stores.fastenal.com"
 },
 {
   "code": "ONBUR",
   "Branch Code 4": "CN02",
   "Address": "4325 Harvester Rd. Unit 11",
   "City": "Burlington",
   "State": "ON",
   "Postal Code": "L7L 5M4",
   "Country": "CAN",
   "Phone": "905-631-7548",
   "Fax": "905-631-7761",
   "Email": "onbur@stores.fastenal.com"
 },
 {
   "code": "ONCAM",
   "Branch Code 4": "CN03",
   "Address": "400 Sheldon Dr. Units 6 & 7",
   "City": "Cambridge",
   "State": "ON",
   "Postal Code": "N1T 2H9",
   "Country": "CAN",
   "Phone": "519-623-4511",
   "Fax": "519-623-8311",
   "Email": "oncam@stores.fastenal.com"
 },
 {
   "code": "ONCHA",
   "Branch Code 4": "CN20",
   "Address": "900 Richmond Street",
   "City": "Chatham",
   "State": "ON",
   "Postal Code": "N7M 5J5",
   "Country": "CAN",
   "Phone": "519-358-7654",
   "Fax": "519-358-7657",
   "Email": "oncha@stores.fastenal.com"
 },
 {
   "code": "ONCOB",
   "Branch Code 4": "CN3W",
   "Address": "210 Willmott St. Unit8B",
   "City": "Cobourg",
   "State": "ON",
   "Postal Code": "K9A 4L7",
   "Country": "CAN",
   "Phone": "905-373-9439",
   "Fax": "905-373-1810",
   "Email": "oncob@stores.fastenal.com"
 },
 {
   "code": "ONCOR",
   "Branch Code 4": "CN62",
   "Address": "710 Campbell St.",
   "City": "Cornwall",
   "State": "ON",
   "Postal Code": "K6H 6C9",
   "Country": "CAN",
   "Phone": "613-938-9888",
   "Fax": "613-938-7779",
   "Email": "oncor@stores.fastenal.com"
 },
 {
   "code": "ONELM",
   "Branch Code 4": "CN1P",
   "Address": "85 Earl Martin Dr.",
   "City": "Elmira",
   "State": "ON",
   "Postal Code": "N3B 3L4",
   "Country": "CAN",
   "Phone": "519-669-9126",
   "Fax": "519-669-9268",
   "Email": "onelm@stores.fastenal.com"
 },
 {
   "code": "ONTO1",
   "Branch Code 4": "CN84",
   "Address": "82 Queen Elizabeth Blvd.",
   "City": "Etobicoke",
   "State": "ON",
   "Postal Code": "M8Z 1M5",
   "Country": "CAN",
   "Phone": "416-251-4040",
   "Fax": "416-251-1924",
   "Email": "onto1@stores.fastenal.com"
 },
 {
   "code": "ONFTF",
   "Branch Code 4": "CN2E",
   "Address": "921 6th Street West",
   "City": "Fort Frances",
   "State": "ON",
   "Postal Code": "P9A 3W6",
   "Country": "CAN",
   "Phone": "807-274-1276",
   "Fax": "807-274-7685",
   "Email": "onftf@stores.fastenal.com"
 },
 {
   "code": "ONGOD",
   "Branch Code 4": "CN1D",
   "Address": "300 Suncoast Dr. East",
   "City": "Goderich",
   "State": "ON",
   "Postal Code": "N7A 4N7",
   "Country": "CAN",
   "Phone": "519-440-0443",
   "Fax": "519-440-0894",
   "Email": "ongod@stores.fastenal.com"
 },
 {
   "code": "ONKI2",
   "Branch Code 4": "CN4N",
   "Address": "300 Suncoast Drive East",
   "City": "Goderich",
   "State": "ON",
   "Postal Code": "N7A 4N7",
   "Country": "CAN",
   "Phone": "519-440-0158",
   "Fax": "519-440-0894",
   "Email": "onki2@stores.fastenal.com"
 },
 {
   "code": "ONGUE",
   "Branch Code 4": "CN12",
   "Address": "55 Woodlawn Rd.",
   "City": "Guelph",
   "State": "ON",
   "Postal Code": "N1H 1G8",
   "Country": "CAN",
   "Phone": "519-767-0748",
   "Fax": "519-767-1888",
   "Email": "ongue@stores.fastenal.com"
 },
 {
   "code": "ONHA1",
   "Branch Code 4": "CN1R",
   "Address": "1205 Rymal Rd.",
   "City": "Hamilton",
   "State": "ON",
   "Postal Code": "L8W 3M9",
   "Country": "CAN",
   "Phone": "905-388-1698",
   "Fax": "905-575-6975",
   "Email": "onha1@stores.fastenal.com"
 },
 {
   "code": "ONHAM",
   "Branch Code 4": "CN85",
   "Address": "601 Burlington Ste E Unit G",
   "City": "Hamilton",
   "State": "ON",
   "Postal Code": "L8L 4J5",
   "Country": "CAN",
   "Phone": "905-525-2614",
   "Fax": "905-525-5380",
   "Email": "onham@stores.fastenal.com"
 },
 {
   "code": "ONHUN",
   "Branch Code 4": "CN3B",
   "Address": "8 Crescent Rd",
   "City": "Huntsville",
   "State": "ON",
   "Postal Code": "P1H 0B3",
   "Country": "CAN",
   "Phone": "705-788-2289",
   "Fax": "705-788-2901",
   "Email": "onhun@stores.fastenal.com"
 },
 {
   "code": "ONING",
   "Branch Code 4": "CN2Z",
   "Address": "180 Whiting Street",
   "City": "Ingersoll",
   "State": "ON",
   "Postal Code": "N5C 3B5",
   "Country": "CAN",
   "Phone": "519-425-2658",
   "Fax": "519-425-1159",
   "Email": "oning@stores.fastenal.com"
 },
 {
   "code": "ONKIN",
   "Branch Code 4": "CN39",
   "Address": "1225 Gardiners Rd. Ste 101",
   "City": "Kingston",
   "State": "ON",
   "Postal Code": "K7P 0G3",
   "Country": "CAN",
   "Phone": "613-389-3968",
   "Fax": "613-389-7279",
   "Email": "onkin@stores.fastenal.com"
 },
 {
   "code": "ONKI1",
   "Branch Code 4": "CN92",
   "Address": "1215 Victoria St., Unit 1",
   "City": "Kitchener",
   "State": "ON",
   "Postal Code": "N2B 3E1",
   "Country": "CAN",
   "Phone": "519-568-8244",
   "Fax": "519-568-8468",
   "Email": "onki1@stores.fastenal.com"
 },
 {
   "code": "ONKI3",
   "Branch Code 4": "CN4Y",
   "Address": "900 Wabanaki Drive",
   "City": "Kitchener",
   "State": "ON",
   "Postal Code": "N2C 0B7",
   "Country": "CAN",
   "Phone": "519-340-0203",
   "Fax": "519-340-0205",
   "Email": "onki3@stores.fastenal.com"
 },
 {
   "code": "ONKIT",
   "Branch Code 4": "CN08",
   "Address": "45 Bleams Rd. Unit #1",
   "City": "Kitchener",
   "State": "ON",
   "Postal Code": "N2C 2G1",
   "Country": "CAN",
   "Phone": "519-748-9449",
   "Fax": "519-748-2225",
   "Email": "onkit@stores.fastenal.com"
 },
 {
   "code": "ONLEA",
   "Branch Code 4": "CN74",
   "Address": "250 Talbot Street West",
   "City": "Leamington",
   "State": "ON",
   "Postal Code": "N8H 1P1",
   "Country": "CAN",
   "Phone": "519-322-1800",
   "Fax": "519-322-0300",
   "Email": "onlea@stores.fastenal.com"
 },
 {
   "code": "ONLO1",
   "Branch Code 4": "CN40",
   "Address": "2351 Huron Street, Units 11 & 12",
   "City": "London",
   "State": "ON",
   "Postal Code": "N5V 0A8",
   "Country": "CAN",
   "Phone": "519-452-7489",
   "Fax": "519-452-1792",
   "Email": "onlo1@stores.fastenal.com"
 },
 {
   "code": "ONLON",
   "Branch Code 4": "CN06",
   "Address": "1420 Global Drive # 14",
   "City": "London",
   "State": "ON",
   "Postal Code": "N6N 0A1",
   "Country": "CAN",
   "Phone": "519-685-2774",
   "Fax": "519-685-6138",
   "Email": "onlon@stores.fastenal.com"
 },
 {
   "code": "ONMAR",
   "Branch Code 4": "CN47",
   "Address": "3400 14th Avenue Unit 1",
   "City": "Markham",
   "State": "ON",
   "Postal Code": "L3R 0H3",
   "Country": "CAN",
   "Phone": "905-305-6379",
   "Fax": "905-305-8293",
   "Email": "onmar@stores.fastenal.com"
 },
 {
   "code": "ONMID",
   "Branch Code 4": "CN1C",
   "Address": "315 Cranston Crescent Unit 2",
   "City": "Midland",
   "State": "ON",
   "Postal Code": "L4R 4K8",
   "Country": "CAN",
   "Phone": "705-527-1919",
   "Fax": "705-527-6775",
   "Email": "onmid@stores.fastenal.com"
 },
 {
   "code": "ONMIL",
   "Branch Code 4": "CN41",
   "Address": "8699 Escarpment Way Unit 6",
   "City": "Milton",
   "State": "ON",
   "Postal Code": "L9T 0J5",
   "Country": "CAN",
   "Phone": "905-693-8441",
   "Fax": "905-693-8442",
   "Email": "onmil@stores.fastenal.com"
 },
 {
   "code": "ONMI1",
   "Branch Code 4": "CN36",
   "Address": "6660 Kennedy Road Unit 8&9",
   "City": "Mississauga",
   "State": "ON",
   "Postal Code": "L5T 2M9",
   "Country": "CAN",
   "Phone": "905-670-9090",
   "Fax": "905-670-3232",
   "Email": "onmi1@stores.fastenal.com"
 },
 {
   "code": "ONMI2",
   "Branch Code 4": "CN1B",
   "Address": "2835 Argentia Rd. Unit 1",
   "City": "Mississauga",
   "State": "ON",
   "Postal Code": "L5N 8G6",
   "Country": "CAN",
   "Phone": "905-826-0160",
   "Fax": "905-826-6061",
   "Email": "onmi2@stores.fastenal.com"
 },
 {
   "code": "ONMIS",
   "Branch Code 4": "CN11",
   "Address": "1284 Eglinton Avenue",
   "City": "Mississauga",
   "State": "ON",
   "Postal Code": "L4W 1K8",
   "Country": "CAN",
   "Phone": "905-625-1622",
   "Fax": "905-625-7868",
   "Email": "onmis@stores.fastenal.com"
 },
 {
   "code": "ONTO4",
   "Branch Code 4": "CN2X",
   "Address": "1565 Britannia Road E #1 & 7A",
   "City": "Mississauga",
   "State": "ON",
   "Postal Code": "L4W 2V6",
   "Country": "CAN",
   "Phone": "905-565-0354",
   "Fax": "905-565-9078",
   "Email": "onto4@stores.fastenal.com"
 },
 {
   "code": "ONNEW",
   "Branch Code 4": "CN59",
   "Address": "1-1150 Kerrisdale Blvd.",
   "City": "Newmarket",
   "State": "ON",
   "Postal Code": "L3Y 8Z9",
   "Country": "CAN",
   "Phone": "905-868-9447",
   "Fax": "905-868-9383",
   "Email": "onnew@stores.fastenal.com"
 },
 {
   "code": "ONNIA",
   "Branch Code 4": "CN81",
   "Address": "6537 Kister Road Unit #4",
   "City": "Niagara Falls",
   "State": "ON",
   "Postal Code": "L2G 0B8",
   "Country": "CAN",
   "Phone": "905-353-1662",
   "Fax": "905-353-8927",
   "Email": "onnia@stores.fastenal.com"
 },
 {
   "code": "ONNOR",
   "Branch Code 4": "CN60",
   "Address": "1495 Seymour St, Unit #2",
   "City": "North Bay",
   "State": "ON",
   "Postal Code": "P1A 0C9",
   "Country": "CAN",
   "Phone": "705-498-6395",
   "Fax": "705-498-6396",
   "Email": "onnor@stores.fastenal.com"
 },
 {
   "code": "ONOAK",
   "Branch Code 4": "CN61",
   "Address": "2416 Wyecroft Rd. Unit #4",
   "City": "Oakville",
   "State": "ON",
   "Postal Code": "L6L 6M6",
   "Country": "CAN",
   "Phone": "905-845-9431",
   "Fax": "905-845-9432",
   "Email": "onoak@stores.fastenal.com"
 },
 {
   "code": "ONORN",
   "Branch Code 4": "CN1X",
   "Address": "80 Centennial Road Units 9-10",
   "City": "Orangeville",
   "State": "ON",
   "Postal Code": "L9W 1P9",
   "Country": "CAN",
   "Phone": "519-940-8569",
   "Fax": "519-940-9717",
   "Email": "onorn@stores.fastenal.com"
 },
 {
   "code": "ONORA",
   "Branch Code 4": "CN80",
   "Address": "8-23 Progress Dr.",
   "City": "Orillia",
   "State": "ON",
   "Postal Code": "L3V 0T7",
   "Country": "CAN",
   "Phone": "705-326-9386",
   "Fax": "705-326-4669",
   "Email": "onora@stores.fastenal.com"
 },
 {
   "code": "ONOSH",
   "Branch Code 4": "CN3E",
   "Address": "350 Wentworth Street East Unit 6&7",
   "City": "Oshawa",
   "State": "ON",
   "Postal Code": "L1H 7R7",
   "Country": "CAN",
   "Phone": "905-443-0428",
   "Fax": "905-443-0430",
   "Email": "onosh@stores.fastenal.com"
 },
 {
   "code": "ONOT1",
   "Branch Code 4": "CN2B",
   "Address": "2710 Carp Road",
   "City": "Ottawa",
   "State": "ON",
   "Postal Code": "K0A 1L0",
   "Country": "CAN",
   "Phone": "613-836-7231",
   "Fax": "613-836-7348",
   "Email": "onot1@stores.fastenal.com"
 },
 {
   "code": "ONOTT",
   "Branch Code 4": "CN53",
   "Address": "505 Industrial Avenue, Bay 5",
   "City": "Ottawa",
   "State": "ON",
   "Postal Code": "K1G 0Z1",
   "Country": "CAN",
   "Phone": "613-745-9022",
   "Fax": "613-745-9688",
   "Email": "onott@stores.fastenal.com"
 },
 {
   "code": "ONOWE",
   "Branch Code 4": "CN2M",
   "Address": "105 Shane St.Unit#1 RR5",
   "City": "Owen Sound",
   "State": "ON",
   "Postal Code": "N4K 5N7",
   "Country": "CAN",
   "Phone": "519-372-2454",
   "Fax": "519-372-0634",
   "Email": "onowe@stores.fastenal.com"
 },
 {
   "code": "ONPEM",
   "Branch Code 4": "CN78",
   "Address": "303 Paul Martin Drive",
   "City": "Pembroke",
   "State": "ON",
   "Postal Code": "K8A 6W4",
   "Country": "CAN",
   "Phone": "613-735-3874",
   "Fax": "613-735-0115",
   "Email": "onpem@stores.fastenal.com"
 },
 {
   "code": "ONPET",
   "Branch Code 4": "CN30",
   "Address": "747 Erskine Ave",
   "City": "Peterborough",
   "State": "ON",
   "Postal Code": "K9J 6Y2",
   "Country": "CAN",
   "Phone": "705-750-0315",
   "Fax": "705-750-0318",
   "Email": "onpet@stores.fastenal.com"
 },
 {
   "code": "ONAJA",
   "Branch Code 4": "CN32",
   "Address": "1735 Bayly St. Unit #10",
   "City": "Pickering",
   "State": "ON",
   "Postal Code": "L1W 3G7",
   "Country": "CAN",
   "Phone": "905-839-4646",
   "Fax": "905-839-4649",
   "Email": "onaja@stores.fastenal.com"
 },
 {
   "code": "ONRIC",
   "Branch Code 4": "CN5V",
   "Address": "55 West Beaver Creek, Units 49&50",
   "City": "Richmond Hill",
   "State": "ON",
   "Postal Code": "L4B 1K5",
   "Country": "CAN",
   "Phone": "905-881-6330",
   "Fax": "905-881-5587",
   "Email": "onric@stores.fastenal.com"
 },
 {
   "code": "ONSTC",
   "Branch Code 4": "CN05",
   "Address": "94 Dunkirk Rd. Units 9&10",
   "City": "Saint Catharines",
   "State": "ON",
   "Postal Code": "L2P-3H4",
   "Country": "CAN",
   "Phone": "905-984-6965",
   "Fax": "905-984-6590",
   "Email": "onstc@stores.fastenal.com"
 },
 {
   "code": "ONSTT",
   "Branch Code 4": "CN83",
   "Address": "Unit 1-3 399 S Edgeware Rd",
   "City": "Saint Thomas",
   "State": "ON",
   "Postal Code": "N5P 4B8",
   "Country": "CAN",
   "Phone": "519-631-3711",
   "Fax": "519-631-4213",
   "Email": "onstt@stores.fastenal.com"
 },
 {
   "code": "ONSAR",
   "Branch Code 4": "CN13",
   "Address": "785 Roper Street",
   "City": "Sarnia",
   "State": "ON",
   "Postal Code": "N7S 6G7",
   "Country": "CAN",
   "Phone": "519-336-0170",
   "Fax": "519-336-0171",
   "Email": "onsar@stores.fastenal.com"
 },
 {
   "code": "ONSAU",
   "Branch Code 4": "CN33",
   "Address": "671 Great Northern Road",
   "City": "Sault Ste. Marie",
   "State": "ON",
   "Postal Code": "P6B 5A2",
   "Country": "CAN",
   "Phone": "705-256-3278",
   "Fax": "705-256-3279",
   "Email": "onsau@stores.fastenal.com"
 },
 {
   "code": "ONSCA",
   "Branch Code 4": "CN26",
   "Address": "1990 Ellesmere Road Unit 1",
   "City": "Scarborough",
   "State": "ON",
   "Postal Code": "M1H 2W2",
   "Country": "CAN",
   "Phone": "416-297-8971",
   "Fax": "416-297-0757",
   "Email": "onsca@stores.fastenal.com"
 },
 {
   "code": "ONTO3",
   "Branch Code 4": "CN2F",
   "Address": "2200 Markham Road Unit #10",
   "City": "Scarborough",
   "State": "ON",
   "Postal Code": "M1B 2W4",
   "Country": "CAN",
   "Phone": "416-646-1681",
   "Fax": "507-494-3311",
   "Email": "onto3@stores.fastenal.com"
 },
 {
   "code": "ONSIM",
   "Branch Code 4": "CN68",
   "Address": "507 Queensway West, Unit #1",
   "City": "Simcoe",
   "State": "ON",
   "Postal Code": "N3Y 4L2",
   "Country": "CAN",
   "Phone": "519-429-3523",
   "Fax": "519-429-3570",
   "Email": "onsim@stores.fastenal.com"
 },
 {
   "code": "ONBU1",
   "Branch Code 4": "CN2Q",
   "Address": "428 Millen Road, Unit #7",
   "City": "Stoney Creek",
   "State": "ON",
   "Postal Code": "L8E 3N9",
   "Country": "CAN",
   "Phone": "905-664-9133",
   "Fax": "905-664-8246",
   "Email": "onbu1@stores.fastenal.com"
 },
 {
   "code": "ONST2",
   "Branch Code 4": "CN5C",
   "Address": "#1 428 Millen Road",
   "City": "Stoney Creek",
   "State": "ON",
   "Postal Code": "L8E 3N9",
   "Country": "CAN",
   "Phone": "905-662-4282",
   "Fax": "905-662-5945",
   "Email": "onst2@stores.fastenal.com"
 },
 {
   "code": "ONSTN",
   "Branch Code 4": "CN01",
   "Address": "1100 South Service Rd Unit107",
   "City": "Stoney Creek",
   "State": "ON",
   "Postal Code": "L8E 0C5",
   "Country": "CAN",
   "Phone": "289-649-0770",
   "Fax": "289-649-0660",
   "Email": "onstn@stores.fastenal.com"
 },
 {
   "code": "ONSTR",
   "Branch Code 4": "CN27",
   "Address": "7 Hahn Ct.",
   "City": "Stratford",
   "State": "ON",
   "Postal Code": "N5A 6S4",
   "Country": "CAN",
   "Phone": "519-271-3383",
   "Fax": "519-271-5019",
   "Email": "onstr@stores.fastenal.com"
 },
 {
   "code": "ONST1",
   "Branch Code 4": "CN2P",
   "Address": "730 Wright Street",
   "City": "Strathroy",
   "State": "ON",
   "Postal Code": "N7G 3H8",
   "Country": "CAN",
   "Phone": "519-245-0224",
   "Fax": "519-245-0449",
   "Email": "onst1@stores.fastenal.com"
 },
 {
   "code": "ONSUD",
   "Branch Code 4": "CN56",
   "Address": "1113 Webbwood Dr",
   "City": "Sudbury",
   "State": "ON",
   "Postal Code": "P3C 3B6",
   "Country": "CAN",
   "Phone": "705-675-6888",
   "Fax": "705-675-7233",
   "Email": "onsud@stores.fastenal.com"
 },
 {
   "code": "ONTEC",
   "Branch Code 4": "CN7Q",
   "Address": "310 Croft Drive, Unit 700",
   "City": "Tecumseh",
   "State": "ON",
   "Postal Code": "N8N 2L9",
   "Country": "CAN",
   "Phone": "519-979-5859",
   "Fax": "519-979-3958",
   "Email": "ontec@stores.fastenal.com"
 },
 {
   "code": "ONTHU",
   "Branch Code 4": "CN57",
   "Address": "665-669 Beaver Hall Place Unit #2",
   "City": "Thunder Bay",
   "State": "ON",
   "Postal Code": "P7E 3N1",
   "Country": "CAN",
   "Phone": "807-343-0363",
   "Fax": "807-343-0342",
   "Email": "onthu@stores.fastenal.com"
 },
 {
   "code": "ONTIS",
   "Branch Code 4": "CN89",
   "Address": "25 Spruce St.",
   "City": "Tillsonburg",
   "State": "ON",
   "Postal Code": "N4G 4W6",
   "Country": "CAN",
   "Phone": "519-842-7488",
   "Fax": "519-842-7653",
   "Email": "ontis@stores.fastenal.com"
 },
 {
   "code": "ONTIM",
   "Branch Code 4": "CN82",
   "Address": "870 Algonquin Blvd. unit #3",
   "City": "Timmins",
   "State": "ON",
   "Postal Code": "P4N 7C5",
   "Country": "CAN",
   "Phone": "705-360-1911",
   "Fax": "705-360-5608",
   "Email": "ontim@stores.fastenal.com"
 },
 {
   "code": "ONETB",
   "Branch Code 4": "CN15",
   "Address": "145 City View Drive Unit # 1",
   "City": "Toronto",
   "State": "ON",
   "Postal Code": "M9W 5B1",
   "Country": "CAN",
   "Phone": "416-679-1137",
   "Fax": "416-679-1140",
   "Email": "onetb@stores.fastenal.com"
 },
 {
   "code": "ONTO2",
   "Branch Code 4": "CN1Q",
   "Address": "5711 Steeles Ave W Unit#2",
   "City": "Toronto",
   "State": "ON",
   "Postal Code": "M9L 1S7",
   "Country": "CAN",
   "Phone": "416-741-6014",
   "Fax": "416-741-4065",
   "Email": "onto2@stores.fastenal.com"
 },
 {
   "code": "ONTO5",
   "Branch Code 4": "CN3Y",
   "Address": "24 Carlaw Avenue, Unit 3",
   "City": "Toronto",
   "State": "ON",
   "Postal Code": "M4M 2R7",
   "Country": "CAN",
   "Phone": "416-645-1383",
   "Fax": "416-645-1385",
   "Email": "onto5@stores.fastenal.com"
 },
 {
   "code": "ONTRE",
   "Branch Code 4": "CN3K",
   "Address": "Unit # 4, 400 Sidney St.",
   "City": "Trenton",
   "State": "ON",
   "Postal Code": "K8V 2V2",
   "Country": "CAN",
   "Phone": "613-965-0538",
   "Fax": "613-965-6643",
   "Email": "ontre@stores.fastenal.com"
 },
 {
   "code": "ONVAU",
   "Branch Code 4": "CN24",
   "Address": "1641 Langstaff Rd Unit 12",
   "City": "Vaughan",
   "State": "ON",
   "Postal Code": "L4K 5X8",
   "Country": "CAN",
   "Phone": "905-761-7350",
   "Fax": "905-761-7302",
   "Email": "onvau@stores.fastenal.com"
 },
 {
   "code": "ONWAL",
   "Branch Code 4": "CN35",
   "Address": "145 Arnold St.",
   "City": "Wallaceburg",
   "State": "ON",
   "Postal Code": "N8A 3P3",
   "Country": "CAN",
   "Phone": "519-627-0040",
   "Fax": "519-627-0070",
   "Email": "onwal@stores.fastenal.com"
 },
 {
   "code": "ONWAT",
   "Branch Code 4": "CN22",
   "Address": "644 Colby Drive, Unit 1&2",
   "City": "Waterloo",
   "State": "ON",
   "Postal Code": "N2V 1A2",
   "Country": "CAN",
   "Phone": "519-888-0448",
   "Fax": "519-888-0653",
   "Email": "onwat@stores.fastenal.com"
 },
 {
   "code": "ONWEA",
   "Branch Code 4": "CN1K",
   "Address": "36 Darte Dr. Unit 2&3",
   "City": "Welland",
   "State": "ON",
   "Postal Code": "L3B 5Y7",
   "Country": "CAN",
   "Phone": "905-714-7148",
   "Fax": "905-714-7151",
   "Email": "onwea@stores.fastenal.com"
 },
 {
   "code": "ONWHT",
   "Branch Code 4": "CN18",
   "Address": "1801 Wentworth Ave., Unit 5A",
   "City": "Whitby",
   "State": "ON",
   "Postal Code": "L1N 8R6",
   "Country": "CAN",
   "Phone": "905-723-3500",
   "Fax": "905-723-2211",
   "Email": "onwht@stores.fastenal.com"
 },
 {
   "code": "ONWI1",
   "Branch Code 4": "CN1U",
   "Address": "5850 Rhodes Drive Unit #1",
   "City": "Windsor",
   "State": "ON",
   "Postal Code": "N8N 2M1",
   "Country": "CAN",
   "Phone": "519-974-4630",
   "Fax": "519-974-3038",
   "Email": "onwi1@stores.fastenal.com"
 },
 {
   "code": "ONWI2",
   "Branch Code 4": "CN6Q",
   "Address": "5850 Rhodes Drive Unit #1",
   "City": "Windsor",
   "State": "ON",
   "Postal Code": "N8N 2M1",
   "Country": "CAN",
   "Phone": "519-945-9898",
   "Fax": "519-974-3038",
   "Email": "onwi2@stores.fastenal.com"
 },
 {
   "code": "ONWIN",
   "Branch Code 4": "CN10",
   "Address": "1935 North Talbot Rd.",
   "City": "Windsor",
   "State": "ON",
   "Postal Code": "N9A 6J7",
   "Country": "CAN",
   "Phone": "519-737-8862",
   "Fax": "519-737-6994",
   "Email": "onwin@stores.fastenal.com"
 },
 {
   "code": "ONWOB",
   "Branch Code 4": "CN94",
   "Address": "5875 Highway 7 Unit 2",
   "City": "Woodbridge",
   "State": "ON",
   "Postal Code": "L4L 1T9",
   "Country": "CAN",
   "Phone": "905-850-7122",
   "Fax": "905-850-3899",
   "Email": "onwob@stores.fastenal.com"
 },
 {
   "code": "ONWOD",
   "Branch Code 4": "CN17",
   "Address": "430 Springbank Ave S",
   "City": "Woodstock",
   "State": "ON",
   "Postal Code": "N4V 1B2",
   "Country": "CAN",
   "Phone": "519-539-1221",
   "Fax": "519-539-8911",
   "Email": "onwod@stores.fastenal.com"
 },
 {
   "code": "PECHA",
   "Branch Code 4": "CN52",
   "Address": "98 Kensington Road",
   "City": "Charlottetown",
   "State": "PE",
   "Postal Code": "C1A 5J5",
   "Country": "CAN",
   "Phone": "902-569-4400",
   "Fax": "902-569-4466",
   "Email": "pecha@stores.fastenal.com"
 },
 {
   "code": "QCALM",
   "Branch Code 4": "CN7W",
   "Address": "719 Chemin du Pont Tache nord",
   "City": "Alma",
   "State": "QC",
   "Postal Code": "G8B5B7",
   "Country": "CAN",
   "Phone": "418-480-2806",
   "Fax": "418-480-4954",
   "Email": "qcalm@stores.fastenal.com"
 },
 {
   "code": "QCMO3",
   "Branch Code 4": "CN2G",
   "Address": "8060 Jarry Est",
   "City": "Anjou",
   "State": "QC",
   "Postal Code": "H1J 1H5",
   "Country": "CAN",
   "Phone": "514-352-0393",
   "Fax": "514-352-5405",
   "Email": "qcmo3@stores.fastenal.com"
 },
 {
   "code": "QCBEA",
   "Branch Code 4": "CN6B",
   "Address": "1325 Paul-Emile Giroux Street",
   "City": "Beauport",
   "State": "QC",
   "Postal Code": "G1C 0K9",
   "Country": "CAN",
   "Phone": "418-667-7847",
   "Fax": "418-667-6119",
   "Email": "qcbea@stores.fastenal.com"
 },
 {
   "code": "QCBOS",
   "Branch Code 4": "CN3J",
   "Address": "764 Cure-Boivin",
   "City": "Boisbriand",
   "State": "QC",
   "Postal Code": "J7G 2A7",
   "Country": "CAN",
   "Phone": "450-434-3278",
   "Fax": "450-434-9104",
   "Email": "qcbos@stores.fastenal.com"
 },
 {
   "code": "QCCHC",
   "Branch Code 4": "CN6M",
   "Address": "1660 Blvd Saint-Paul, Suite 100",
   "City": "Chicoutimi",
   "State": "QC",
   "Postal Code": "G7J 4N1",
   "Country": "CAN",
   "Phone": "418-549-1686",
   "Fax": "418-549-9758",
   "Email": "qcchc@stores.fastenal.com"
 },
 {
   "code": "QCMO1",
   "Branch Code 4": "CN2C",
   "Address": "310 St Francois Xavier #100",
   "City": "Delson",
   "State": "QC",
   "Postal Code": "J5B 1Y1",
   "Country": "CAN",
   "Phone": "450-635-3501",
   "Fax": "450-635-5326",
   "Email": "qcmo1@stores.fastenal.com"
 },
 {
   "code": "QCMO2",
   "Branch Code 4": "CN2D",
   "Address": "84 G Brunswick Blvd",
   "City": "Dollard-Des-Ormeaux",
   "State": "QC",
   "Postal Code": "H9B 2C5",
   "Country": "CAN",
   "Phone": "514-683-3545",
   "Fax": "514-683-4925",
   "Email": "qcmo2@stores.fastenal.com"
 },
 {
   "code": "QCDRU",
   "Branch Code 4": "CN3Q",
   "Address": "1739 Janelle",
   "City": "Drummondville",
   "State": "QC",
   "Postal Code": "J2C 5S5",
   "Country": "CAN",
   "Phone": "819-479-3045",
   "Fax": "819-479-3047",
   "Email": "qcdru@stores.fastenal.com"
 },
 {
   "code": "QCGAT",
   "Branch Code 4": "CN1J",
   "Address": "274-D Chemin Industriel",
   "City": "Gatineau",
   "State": "QC",
   "Postal Code": "J8R 3V8",
   "Country": "CAN",
   "Phone": "819-643-3119",
   "Fax": "819-643-3202",
   "Email": "qcgat@stores.fastenal.com"
 },
 {
   "code": "QCGRA",
   "Branch Code 4": "CN3H",
   "Address": "1281 Industrial Blvd",
   "City": "Granby",
   "State": "QC",
   "Postal Code": "J2J 2B8",
   "Country": "CAN",
   "Phone": "450-777-3278",
   "Fax": "450-777-2697",
   "Email": "qcgra@stores.fastenal.com"
 },
 {
   "code": "QCLAS",
   "Branch Code 4": "CN3X",
   "Address": "2964 Lapierre",
   "City": "Lasalle",
   "State": "QC",
   "Postal Code": "H8N 2W9",
   "Country": "CAN",
   "Phone": "514-375-3013",
   "Fax": "514-375-3015",
   "Email": "qclas@stores.fastenal.com"
 },
 {
   "code": "QCLAV",
   "Branch Code 4": "CN87",
   "Address": "2900 Industriel",
   "City": "Laval",
   "State": "QC",
   "Postal Code": "H7L 4C4",
   "Country": "CAN",
   "Phone": "450-663-8400",
   "Fax": "450-663-8500",
   "Email": "qclav@stores.fastenal.com"
 },
 {
   "code": "QCMON",
   "Branch Code 4": "CN96",
   "Address": "646 Giffard Street",
   "City": "Longueuil",
   "State": "QC",
   "Postal Code": "J4G 1T8",
   "Country": "CAN",
   "Phone": "450-670-9056",
   "Fax": "450-670-1545",
   "Email": "qcmon@stores.fastenal.com"
 },
 {
   "code": "QCJOE",
   "Branch Code 4": "CN6K",
   "Address": "90 A Blvd des Entreprises",
   "City": "Notre-Dame-Des-Prairies",
   "State": "QC",
   "Postal Code": "J6E 0L9",
   "Country": "CAN",
   "Phone": "450-753-3758",
   "Fax": "450-753-1992",
   "Email": "qcjoe@stores.fastenal.com"
 },
 {
   "code": "QCPON",
   "Branch Code 4": "CN2U",
   "Address": "3931 Saint-Jean-Baptiste Blvd",
   "City": "Pointe-Aux-Trembles",
   "State": "QC",
   "Postal Code": "H1B 5V4",
   "Country": "CAN",
   "Phone": "514-645-2929",
   "Fax": "514-645-4935",
   "Email": "qcpon@stores.fastenal.com"
 },
 {
   "code": "QCQU1",
   "Branch Code 4": "CN5W",
   "Address": "445 Ave. Saint-Jean-Baptiste",
   "City": "Quebec",
   "State": "QC",
   "Postal Code": "G2E 5G3",
   "Country": "CAN",
   "Phone": "418-877-9731",
   "Fax": "418-877-3709",
   "Email": "qcqu1@stores.fastenal.com"
 },
 {
   "code": "QCRIV",
   "Branch Code 4": "CN4M",
   "Address": "33 Rue Du Carrefour",
   "City": "Riviere-Du-Loup",
   "State": "QC",
   "Postal Code": "G5R 6B5",
   "Country": "CAN",
   "Phone": "418-867-8866",
   "Fax": "418-867-8740",
   "Email": "qcriv@stores.fastenal.com"
 },
 {
   "code": "QCQU4",
   "Branch Code 4": "CN7R",
   "Address": "260 rue d'Amsterdam, Suite 400",
   "City": "Saint-Augustin-De-Desmaures",
   "State": "QC",
   "Postal Code": "G3A 2W6",
   "Country": "CAN",
   "Phone": "418-878-9687",
   "Fax": "418-878-9604",
   "Email": "qcqu4@stores.fastenal.com"
 },
 {
   "code": "QCSA1",
   "Branch Code 4": "CN6Z",
   "Address": "1475 3E Avenue, Suite 1",
   "City": "Sainte-Marie-De-Beauce",
   "State": "QC",
   "Postal Code": "G6E 3V3",
   "Country": "CAN",
   "Phone": "418-390-1200",
   "Fax": "418-390-1210",
   "Email": "qcsa1@stores.fastenal.com"
 },
 {
   "code": "QCSTG",
   "Branch Code 4": "CN8B",
   "Address": "9575 10th Avenue",
   "City": "Saint-Georges",
   "State": "QC",
   "Postal Code": "G5Y8J8",
   "Country": "CAN",
   "Phone": "418-221-1735",
   "Fax": "418-221-1755",
   "Email": "qcstg@stores.fastenal.com"
 },
 {
   "code": "QCSTH",
   "Branch Code 4": "CN7V",
   "Address": "4602 Thibault, Suite A",
   "City": "Saint-Hubert",
   "State": "QC",
   "Postal Code": "J3Y0A8",
   "Country": "CAN",
   "Phone": "450-445-1087",
   "Fax": "450-445-9048",
   "Email": "qcsth@stores.fastenal.com"
 },
 {
   "code": "QCSAT",
   "Branch Code 4": "CN3M",
   "Address": "3100 Choquette",
   "City": "Saint-Hyacinthe",
   "State": "QC",
   "Postal Code": "J2S 1H1",
   "Country": "CAN",
   "Phone": "450-773-2966",
   "Fax": "450-773-9030",
   "Email": "qcsat@stores.fastenal.com"
 },
 {
   "code": "QCJER",
   "Branch Code 4": "CN5X",
   "Address": "801 Pasteur, Suite 101",
   "City": "Saint-Jerome",
   "State": "QC",
   "Postal Code": "J7Z 7K9",
   "Country": "CAN",
   "Phone": "450-438-1454",
   "Fax": "450-438-9310",
   "Email": "qcjer@stores.fastenal.com"
 },
 {
   "code": "QCLAC",
   "Branch Code 4": "CN1F",
   "Address": "3480 Griffith",
   "City": "Saint-Laurent",
   "State": "QC",
   "Postal Code": "H4T 1A7",
   "Country": "CAN",
   "Phone": "514-636-3414",
   "Fax": "514-636-9062",
   "Email": "qclac@stores.fastenal.com"
 },
 {
   "code": "QCMO4",
   "Branch Code 4": "CN4D",
   "Address": "7929 Henri-Bourassa West",
   "City": "Saint-Laurent",
   "State": "QC",
   "Postal Code": "H4S 1P7",
   "Country": "CAN",
   "Phone": "514-745-2658",
   "Fax": "514-745-2620",
   "Email": "qcmo4@stores.fastenal.com"
 },
 {
   "code": "QCSTL",
   "Branch Code 4": "CN73",
   "Address": "3480 Griffith",
   "City": "Saint-Laurent",
   "State": "QC",
   "Postal Code": "H4T 1A7",
   "Country": "CAN",
   "Phone": "514-335-9759",
   "Fax": "514-335-9397",
   "Email": "qcstl@stores.fastenal.com"
 },
 {
   "code": "QCQU2",
   "Branch Code 4": "CN6G",
   "Address": "465 3e Avenue, Suite 400",
   "City": "Saint-Romuald",
   "State": "QC",
   "Postal Code": "G6W 5M6",
   "Country": "CAN",
   "Phone": "418-839-2921",
   "Fax": "418-839-1899",
   "Email": "qcqu2@stores.fastenal.com"
 },
 {
   "code": "QCSAA",
   "Branch Code 4": "CN5Q",
   "Address": "543 Gaetan Street",
   "City": "Salaberry-De-Valleyfield",
   "State": "QC",
   "Postal Code": "J6S 0A7",
   "Country": "CAN",
   "Phone": "450-377-8433",
   "Fax": "450-377-6613",
   "Email": "qcsaa@stores.fastenal.com"
 },
 {
   "code": "QCSHE",
   "Branch Code 4": "CN6C",
   "Address": "4195 Boul Industriel",
   "City": "Sherbrooke",
   "State": "QC",
   "Postal Code": "J1L 2S7",
   "Country": "CAN",
   "Phone": "819-347-1916",
   "Fax": "819-347-2944",
   "Email": "qcshe@stores.fastenal.com"
 },
 {
   "code": "QCSOR",
   "Branch Code 4": "CN5Y",
   "Address": "1685 Rte Marie-Victorin Unit C&D",
   "City": "Sorel-Tracy",
   "State": "QC",
   "Postal Code": "J3R 4R4",
   "Country": "CAN",
   "Phone": "450-742-2567",
   "Fax": "450-742-6753",
   "Email": "qcsor@stores.fastenal.com"
 },
 {
   "code": "QCSTJ",
   "Branch Code 4": "CN4Z",
   "Address": "650 Rue de Dijon, Unite #200",
   "City": "St-Jean-Sur-Richelieu",
   "State": "QC",
   "Postal Code": "J3B 8G3",
   "Country": "CAN",
   "Phone": "450-358-5127",
   "Fax": "450-346-1264",
   "Email": "qcstj@stores.fastenal.com"
 },
 {
   "code": "QCTER",
   "Branch Code 4": "CN4K",
   "Address": "3495-1 Boul. Des Enterprises",
   "City": "Terrebonne",
   "State": "QC",
   "Postal Code": "J6X 4J8",
   "Country": "CAN",
   "Phone": "450-968-3278",
   "Fax": "450-968-1467",
   "Email": "qcter@stores.fastenal.com"
 },
 {
   "code": "QCTHE",
   "Branch Code 4": "CN7D",
   "Address": "2899 Frontenac Boul Est",
   "City": "Thetford Mines",
   "State": "QC",
   "Postal Code": "G6G 6P6",
   "Country": "CAN",
   "Phone": "418-338-5788",
   "Fax": "418-338-1499",
   "Email": "qcthe@stores.fastenal.com"
 },
 {
   "code": "QCTRS",
   "Branch Code 4": "CN4V",
   "Address": "3140 rue Bellefeuille",
   "City": "Trois-Rivieres",
   "State": "QC",
   "Postal Code": "G9A 5R5",
   "Country": "CAN",
   "Phone": "819-379-3074",
   "Fax": "819-379-7273",
   "Email": "qctrs@stores.fastenal.com"
 },
 {
   "code": "QCVIC",
   "Branch Code 4": "CN5F",
   "Address": "25 Nicolet Street, Premise 1",
   "City": "Victoriaville",
   "State": "QC",
   "Postal Code": "G6P 7H2",
   "Country": "CAN",
   "Phone": "819-752-4203",
   "Fax": "819-758-2598",
   "Email": "qcvic@stores.fastenal.com"
 },
 {
   "code": "SKMOS",
   "Branch Code 4": "CN4B",
   "Address": "1715 Main Street North",
   "City": "Moose Jaw",
   "State": "SK",
   "Postal Code": "S6J 1L6",
   "Country": "CAN",
   "Phone": "306-692-4053",
   "Fax": "306-692-4062",
   "Email": "skmos@stores.fastenal.com"
 },
 {
   "code": "SKNOR",
   "Branch Code 4": "CN4G",
   "Address": "732 110th Street",
   "City": "North Battleford",
   "State": "SK",
   "Postal Code": "S9A 2G6",
   "Country": "CAN",
   "Phone": "306-445-0771",
   "Fax": "306-445-0814",
   "Email": "sknor@stores.fastenal.com"
 },
 {
   "code": "SKPRN",
   "Branch Code 4": "CN5R",
   "Address": "Unit 1, 365 36th Street West",
   "City": "Prince Albert",
   "State": "SK",
   "Postal Code": "S6V 7L4",
   "Country": "CAN",
   "Phone": "306-763-7991",
   "Fax": "306-763-7995",
   "Email": "skprn@stores.fastenal.com"
 },
 {
   "code": "SKRE1",
   "Branch Code 4": "CN7K",
   "Address": "1238 Lorne Street, Units 1&2",
   "City": "Regina",
   "State": "SK",
   "Postal Code": "S4R 2J8",
   "Country": "CAN",
   "Phone": "306-525-2470",
   "Fax": "306-525-2496",
   "Email": "skre1@stores.fastenal.com"
 },
 {
   "code": "SKREG",
   "Branch Code 4": "CN43",
   "Address": "1802 Turvey Road",
   "City": "Regina",
   "State": "SK",
   "Postal Code": "S4N 2G7",
   "Country": "CAN",
   "Phone": "306-352-0774",
   "Fax": "306-352-0784",
   "Email": "skreg@stores.fastenal.com"
 },
 {
   "code": "SKSAS",
   "Branch Code 4": "CN50",
   "Address": "3065 Faithful Avenue",
   "City": "Saskatoon",
   "State": "SK",
   "Postal Code": "S7K 8B3",
   "Country": "CAN",
   "Phone": "306-651-1086",
   "Fax": "306-651-1085",
   "Email": "sksas@stores.fastenal.com"
 },
 {
   "code": "SKSWF",
   "Branch Code 4": "CN2W",
   "Address": "1071 Central Avenue, Unit #3",
   "City": "Swift Current",
   "State": "SK",
   "Postal Code": "S9H 4Z1",
   "Country": "CAN",
   "Phone": "306-778-6294",
   "Fax": "306-778-6296",
   "Email": "skswf@stores.fastenal.com"
 },
 {
   "code": "SKWEY",
   "Branch Code 4": "CN7E",
   "Address": "Unit 5, 1650 Ebel Road",
   "City": "Weyburn",
   "State": "SK",
   "Postal Code": "S4H 1V3",
   "Country": "CAN",
   "Phone": "306-842-3480",
   "Fax": "306-842-3482",
   "Email": "skwey@stores.fastenal.com"
 },
 {
   "code": "SKYOR",
   "Branch Code 4": "CN1A",
   "Address": "47 Seventh Avenue South",
   "City": "Yorkton",
   "State": "SK",
   "Postal Code": "S3N 3V1",
   "Country": "CAN",
   "Phone": "306-783-0293",
   "Fax": "306-783-0295",
   "Email": "skyor@stores.fastenal.com"
 },
 //europe
 {
   "code": "CZBRN",
   "Branch Code 4": "BRCZ",
   "Address": "Evropska 887",
   "City": "Modrice",
   "State": 99,
   "Postal Code": "66 442",
   "Country": "CZE",
   "Phone": "420-547-4254",
   "Fax": "420-547-4254",
   "Email": "czbrn@stores.fastenal.com"
 },
 {
   "code": "GEBER",
   "Branch Code 4": "BEGE",
   "Address": "Alexander-Meissner-Stasse 46",
   "City": "Berlin",
   "State": 99,
   "Postal Code": "12526",
   "Country": "DEU",
   "Phone": "",
   "Fax": "",
   "Email": "geber@stores.fastenal.com"
 },
 {
   "code": "GEFRE",
   "Branch Code 4": "FRGE",
   "Address": "Waidplatzstrasse 12a",
   "City": "Teningen",
   "State": 99,
   "Postal Code": "79331",
   "Country": "DEU",
   "Phone": "497-663-6038",
   "Fax": "001-507-494-7697",
   "Email": "gefre@stores.fastenal.com"
 },
 {
   "code": "GEMUN",
   "Branch Code 4": "MUGE",
   "Address": "Unterfeldring 3A",
   "City": "Vierkirchen",
   "State": 99,
   "Postal Code": "85256",
   "Country": "DEU",
   "Phone": "004-908139935860",
   "Fax": "004-9081399358629",
   "Email": "gemun@stores.fastenal.com"
 },
 {
   "code": "UKBAY",
   "Branch Code 4": "BANI",
   "Address": "Woodside Rd Ind Estate Unit B1-B4",
   "City": "Ballymena",
   "State": 99,
   "Postal Code": "BT424QJ",
   "Country": "GBR",
   "Phone": "001-144-028-25650255",
   "Fax": "001-144-028-25650994",
   "Email": "ukbay@stores.fastenal.com"
 },
 {
   "code": "UKCAE",
   "Branch Code 4": "CAUK",
   "Address": "Unit 18, Withey Duffryn Court",
   "City": "Caerphilly",
   "State": 99,
   "Postal Code": "CF82 7RJ",
   "Country": "GBR",
   "Phone": "440-144-3815",
   "Fax": "",
   "Email": "ukcae@stores.fastenal.com"
 },
 {
   "code": "UKCOK",
   "Branch Code 4": "CIUK",
   "Address": "5 Kilcronagh Business Park",
   "City": "Cookstown",
   "State": 99,
   "Postal Code": "BT809HJ",
   "Country": "GBR",
   "Phone": "440-288-6767",
   "Fax": "",
   "Email": "ukcok@stores.fastenal.com"
 },
 {
   "code": "UK002",
   "Branch Code 4": "CYUK",
   "Address": "Unit D2 Grovelands Ind Est Longford",
   "City": "Coventry",
   "State": 99,
   "Postal Code": "CV7 9ND",
   "Country": "GBR",
   "Phone": "011-442476367432",
   "Fax": "011 44 2476 335735",
   "Email": "uk002@stores.fastenal.com"
 },
 {
   "code": "UKDUN",
   "Branch Code 4": "DNUK",
   "Address": "Unit 3 Whittle Place, Kingsway Park",
   "City": "Dundee",
   "State": 99,
   "Postal Code": "DD2 4TD",
   "Country": "GBR",
   "Phone": "",
   "Fax": "",
   "Email": "ukdun@stores.fastenal.com"
 },
 {
   "code": "UKMOT",
   "Branch Code 4": "MOUK",
   "Address": "Unit M&N Glasgow Trade Park",
   "City": "Glasgow",
   "State": 99,
   "Postal Code": "G69 6GA",
   "Country": "GBR",
   "Phone": "1417718748",
   "Fax": "1417711269",
   "Email": "ukmot@stores.fastenal.com"
 },
 {
   "code": "UKLUT",
   "Branch Code 4": "LTUK",
   "Address": "Unit 4 Bilton Court",
   "City": "Luton",
   "State": 99,
   "Postal Code": "LU1 1LX",
   "Country": "GBR",
   "Phone": "(+44) 01582 737 456",
   "Fax": "",
   "Email": "uklut@stores.fastenal.com"
 },
 {
   "code": "UKNOT",
   "Branch Code 4": "BNUK",
   "Address": "Unit 5a, DB House, Rani Drive",
   "City": "Nottingham",
   "State": 99,
   "Postal Code": "NG5 1RF",
   "Country": "GBR",
   "Phone": "",
   "Fax": "",
   "Email": "uknot@stores.fastenal.com"
 },
 {
   "code": "HUSZE",
   "Branch Code 4": "SZHU",
   "Address": "Farkasvermi utca 87",
   "City": "Szekesfehervar",
   "State": 99,
   "Postal Code": "8000",
   "Country": "HUN",
   "Phone": "011-3622502065",
   "Fax": "507-494-7617",
   "Email": "husze@stores.fastenal.com"
 },
 {
   "code": "ITFLR",
   "Branch Code 4": "FLIT",
   "Address": "Via Le Prata 114, Interno 1",
   "City": "Calenzano",
   "State": 99,
   "Postal Code": "50041",
   "Country": "ITA",
   "Phone": "390-558-8248",
   "Fax": "390-558-8778",
   "Email": "itflr@stores.fastenal.com"
 },
 {
   "code": "ITROM",
   "Branch Code 4": "ROIT",
   "Address": "Via Della Mola Saracena 9",
   "City": "Fiano Romano",
   "State": 99,
   "Postal Code": "00065",
   "Country": "ITA",
   "Phone": "003-90765453093",
   "Fax": "",
   "Email": "itrom@stores.fastenal.com"
 },
 {
   "code": "EUDOR",
   "Branch Code 4": "ND02",
   "Address": "Bunsenstraat 3",
   "City": "Dordrecht",
   "State": 99,
   "Postal Code": "3316 GC",
   "Country": "NLD",
   "Phone": "011-31786524145",
   "Fax": "507-494-3197",
   "Email": "eudor@stores.fastenal.com"
 },
 {
   "code": "PLKAT",
   "Branch Code 4": "KAPL",
   "Address": "ul. Zeliwna 43/6A",
   "City": "Katowice",
   "State": 99,
   "Postal Code": "40852",
   "Country": "POL",
   "Phone": "483-225-9055",
   "Fax": "507-494-9573",
   "Email": "plkat@stores.fastenal.com"
 },
 {
   "code": "ROCLU",
   "Branch Code 4": "CLRO",
   "Address": "47 Taietura Turcului Street",
   "City": "Cluj-Napoca",
   "State": 99,
   "Postal Code": "400221",
   "Country": "ROU",
   "Phone": "0040-264-232-986",
   "Fax": "001-507-453-7180",
   "Email": "roclu@stores.fastenal.com"
 },
 {
   "code": "ROPLE",
   "Branch Code 4": "PLRO",
   "Address": "Apelor Street, no 24",
   "City": "Ploiesti",
   "State": 99,
   "Postal Code": "100184",
   "Country": "ROU",
   "Phone": "0040-344-802-771",
   "Fax": "",
   "Email": "rople@stores.fastenal.com"
 },
 {
   "code": "SESTC",
   "Branch Code 4": "STSE",
   "Address": "Hantverkarvdgen 22",
   "City": "Handen",
   "State": 99,
   "Postal Code": "136 44",
   "Country": "SWE",
   "Phone": "",
   "Fax": "",
   "Email": "sestc@stores.fastenal.com"
 },
 //mexico
  {
   "code": "AGAGU",
   "Branch Code 4": "AGMX",
   "Address": "Heroes de Nacozari Nte.",
   "City": "Aguascalientes",
   "State": "AGS",
   "Postal Code": "20140",
   "Country": "MEX",
   "Phone": "011-524499129455",
   "Fax": "011-524499129466",
   "Email": "agagu@stores.fastenal.com"
 },
 {
   "code": "BJENS",
   "Branch Code 4": "ENMX",
   "Address": "Ave. Espinoza",
   "City": "Ensenada",
   "State": "BCN",
   "Postal Code": "22800",
   "Country": "MEX",
   "Phone": "011-526461829220",
   "Fax": "011-526461829221",
   "Email": "bjens@stores.fastenal.com"
 },
 {
   "code": "BJME1",
   "Branch Code 4": "MCMX",
   "Address": "Calle Industria del Acero",
   "City": "Mexicali",
   "State": "BCN",
   "Postal Code": "21397",
   "Country": "MEX",
   "Phone": "011-526865570203",
   "Fax": "011-526865571076",
   "Email": "bjme1@stores.fastenal.com"
 },
 {
   "code": "BJTEC",
   "Branch Code 4": "TEMX",
   "Address": "Blvd. Benito Juarez",
   "City": "Tecate",
   "State": "BCN",
   "Postal Code": "21140",
   "Country": "MEX",
   "Phone": "011-526655213303",
   "Fax": "011-526655213322",
   "Email": "bjtec@stores.fastenal.com"
 },
 {
   "code": "BJTIJ",
   "Branch Code 4": "TIMX",
   "Address": "Blvd Alberto Limon Padilla",
   "City": "Tijuana",
   "State": "BCN",
   "Postal Code": "22444",
   "Country": "MEX",
   "Phone": "011-526646074430",
   "Fax": "011-526646074432",
   "Email": "bjtij@stores.fastenal.com"
 },
 {
   "code": "BJTIU",
   "Branch Code 4": "TUMX",
   "Address": "Todos los Santos",
   "City": "Tijuana",
   "State": "BCN",
   "Postal Code": "22643",
   "Country": "MEX",
   "Phone": "001-526-646-265147",
   "Fax": "001-526-646-265187",
   "Email": "bjtiu@stores.fastenal.com"
 },
 {
   "code": "CICHH",
   "Branch Code 4": "CHMX",
   "Address": "Ave Cristobal Colon",
   "City": "Chihuahua",
   "State": "CHIH",
   "Postal Code": "31125",
   "Country": "MEX",
   "Phone": "011-526144831986",
   "Fax": "011-526144831985",
   "Email": "cichh@stores.fastenal.com"
 },
 {
   "code": "CICJU",
   "Branch Code 4": "CRMX",
   "Address": "Libramiento Aeropuerto 1218-2 y 3",
   "City": "Ciudad Juarez",
   "State": "CHIH",
   "Postal Code": "32574",
   "Country": "MEX",
   "Phone": "656-690-2654",
   "Fax": "656-690-2662",
   "Email": "cicju@stores.fastenal.com"
 },
 {
   "code": "CIJUA",
   "Branch Code 4": "CJMX",
   "Address": "Avenida Hermanos Escobar",
   "City": "Ciudad Juarez",
   "State": "CHIH",
   "Postal Code": "32320",
   "Country": "MEX",
   "Phone": "011-526566253185",
   "Fax": "011-526566253183",
   "Email": "cijua@stores.fastenal.com"
 },
 {
   "code": "CUCIU",
   "Branch Code 4": "CDMX",
   "Address": "H. Colegio Militar",
   "City": "Acuna",
   "State": "COAH",
   "Postal Code": "26280",
   "Country": "MEX",
   "Phone": "877-773-4189",
   "Fax": "877-773-3922",
   "Email": "cuciu@stores.fastenal.com"
 },
 {
   "code": "CUFRN",
   "Branch Code 4": "FRMX",
   "Address": "Calle Acceso Norte",
   "City": "Frontera",
   "State": "COAH",
   "Postal Code": "C.P. 25600",
   "Country": "MEX",
   "Phone": "011-528666391714",
   "Fax": "011-528666391787",
   "Email": "cufrn@stores.fastenal.com"
 },
 {
   "code": "CUPIE",
   "Branch Code 4": "PNMX",
   "Address": "Blvd Eliseo Mendoza Berrueto",
   "City": "Piedras Negras",
   "State": "COAH",
   "Postal Code": "26090",
   "Country": "MEX",
   "Phone": "528-787-8621",
   "Fax": "528-787-8614",
   "Email": "cupie@stores.fastenal.com"
 },
 {
   "code": "CUSAT",
   "Branch Code 4": "SLMX",
   "Address": "Fresnos",
   "City": "Saltillo",
   "State": "COAH",
   "Postal Code": "25260",
   "Country": "MEX",
   "Phone": "011-528444325183",
   "Fax": "011-528444325184",
   "Email": "cusat@stores.fastenal.com"
 },
 {
   "code": "CUTOR",
   "Branch Code 4": "TRMX",
   "Address": "Avenida Juarez",
   "City": "Torreon",
   "State": "COAH",
   "Postal Code": "27089",
   "Country": "MEX",
   "Phone": "011-528711692125",
   "Fax": "011-528711692120",
   "Email": "cutor@stores.fastenal.com"
 },
 {
   "code": "DFIZA",
   "Branch Code 4": "IZMX",
   "Address": "Calzada San Lorenzo",
   "City": "Iztapalapa",
   "State": "DF",
   "Postal Code": "09850",
   "Country": "MEX",
   "Phone": "525-556-1309",
   "Fax": "525-556-1308",
   "Email": "dfiza@stores.fastenal.com"
 },
 {
   "code": "DFMUN",
   "Branch Code 4": "MUMX",
   "Address": "Autopista Mexico-Queretaro",
   "City": "Cuautitlan Izcalli",
   "State": "EMEX",
   "Postal Code": "54730",
   "Country": "MEX",
   "Phone": "555-876-5242",
   "Fax": "555-876-3944",
   "Email": "dfmun@stores.fastenal.com"
 },
 {
   "code": "EMTOU",
   "Branch Code 4": "TLMX",
   "Address": "Av. Alfredo del Mazo",
   "City": "Toluca",
   "State": "EMEX",
   "Postal Code": "50070",
   "Country": "MEX",
   "Phone": "722-210-5377",
   "Fax": "722-210-5532",
   "Email": "emtou@stores.fastenal.com"
 },
 {
   "code": "GJCEA",
   "Branch Code 4": "CYMX",
   "Address": "Av Mexico Japon",
   "City": "Celaya",
   "State": "GTO",
   "Postal Code": "38010",
   "Country": "MEX",
   "Phone": "011-524616117866",
   "Fax": "011-524616117844",
   "Email": "gjcea@stores.fastenal.com"
 },
 {
   "code": "GJIRA",
   "Branch Code 4": "IAMX",
   "Address": "Calle Bambu",
   "City": "Irapuato",
   "State": "GTO",
   "Postal Code": "36555",
   "Country": "MEX",
   "Phone": "011-524626071305",
   "Fax": "",
   "Email": "gjira@stores.fastenal.com"
 },
 {
   "code": "GJLEN",
   "Branch Code 4": "LEMX",
   "Address": "Blvd Aeropuerto",
   "City": "Leon",
   "State": "GTO",
   "Postal Code": "37547",
   "Country": "MEX",
   "Phone": "011-524777636775",
   "Fax": "011-524777636755",
   "Email": "gjlen@stores.fastenal.com"
 },
 {
   "code": "HGPAC",
   "Branch Code 4": "PCMX",
   "Address": "Mariano Jimenez",
   "City": "Sahagun",
   "State": "HGO",
   "Postal Code": "43998",
   "Country": "MEX",
   "Phone": "011-527919153865",
   "Fax": "011-527919134488",
   "Email": "hgpac@stores.fastenal.com"
 },
 {
   "code": "JAGUA",
   "Branch Code 4": "TPMX",
   "Address": "Gonzalez Gallo",
   "City": "Tlaquepaque",
   "State": "JAL",
   "Postal Code": "45610",
   "Country": "MEX",
   "Phone": "011-523338387816",
   "Fax": "011-523338388776",
   "Email": "jagua@stores.fastenal.com"
 },
 {
   "code": "MHMOR",
   "Branch Code 4": "MOMX",
   "Address": "Circuito Parque Industrial",
   "City": "Morelia",
   "State": "MICH",
   "Postal Code": "58200",
   "Country": "MEX",
   "Phone": "011-524433207688",
   "Fax": "011-524433207265",
   "Email": "mhmor@stores.fastenal.com"
 },
 {
   "code": "MRCUA",
   "Branch Code 4": "CUMX",
   "Address": "Sonora",
   "City": "Cuernavaca",
   "State": "MOR",
   "Postal Code": "62578",
   "Country": "MEX",
   "Phone": "777-516-8781",
   "Fax": "777-516-8665",
   "Email": "mrcua@stores.fastenal.com"
 },
 {
   "code": "NLMON",
   "Branch Code 4": "MTMX",
   "Address": "Carretera Miguel Aleman",
   "City": "Apodaca",
   "State": "NL",
   "Postal Code": "66636",
   "Country": "MEX",
   "Phone": "011-528110860608",
   "Fax": "011-528183214290",
   "Email": "nlmon@stores.fastenal.com"
 },
 {
   "code": "NLMO1",
   "Branch Code 4": "CMMX",
   "Address": "Libramiento Noreste Km 33.5",
   "City": "General Escobedo",
   "State": "NL",
   "Postal Code": "66604",
   "Country": "MEX",
   "Phone": "011-528184527331",
   "Fax": "011-528184527325",
   "Email": "nlmo1@stores.fastenal.com"
 },
 {
   "code": "NLM02",
   "Branch Code 4": "MRMX",
   "Address": "Ruiz Cortinez",
   "City": "Guadalupe",
   "State": "NL",
   "Postal Code": "67110",
   "Country": "MEX",
   "Phone": "011-528181919364",
   "Fax": "011-528181919363",
   "Email": "nlm02@stores.fastenal.com"
 },
 {
   "code": "NLSAN",
   "Branch Code 4": "SCMX",
   "Address": "Ave Apolo",
   "City": "Santa Catarina",
   "State": "NL",
   "Postal Code": "66350",
   "Country": "MEX",
   "Phone": "011-528183888466",
   "Fax": "011-528183885039",
   "Email": "nlsan@stores.fastenal.com"
 },
 {
   "code": "PUPUE",
   "Branch Code 4": "PBMX",
   "Address": "Calle Santa Barbara",
   "City": "San Juan Cuautlancingo",
   "State": "PUE",
   "Postal Code": "72700",
   "Country": "MEX",
   "Phone": "011-522222106586",
   "Fax": "011-522222106582",
   "Email": "pupue@stores.fastenal.com"
 },
 {
   "code": "GJCE1",
   "Branch Code 4": "CGMX",
   "Address": "Acceso 3",
   "City": "Queretaro",
   "State": "QRO",
   "Postal Code": "76120",
   "Country": "MEX",
   "Phone": "011-524422175580",
   "Fax": "011-524422176009",
   "Email": "gjce1@stores.fastenal.com"
 },
 {
   "code": "GJCE2",
   "Branch Code 4": "QRMX",
   "Address": "Carr. Est 431 KM 1",
   "City": "Queretaro",
   "State": "QRO",
   "Postal Code": "76246",
   "Country": "MEX",
   "Phone": "011-524422216097",
   "Fax": "",
   "Email": "gjce2@stores.fastenal.com"
 },
 {
   "code": "QASAN",
   "Branch Code 4": "SJMX",
   "Address": "Ave. Constituyentes",
   "City": "San Juan Del Rio",
   "State": "QRO",
   "Postal Code": "76804",
   "Country": "MEX",
   "Phone": "524-272-7297",
   "Fax": "524-272-7291",
   "Email": "qasan@stores.fastenal.com"
 },
 {
   "code": "SLSAN",
   "Branch Code 4": "SPMX",
   "Address": "Calle Pintores",
   "City": "San Luis Potosi",
   "State": "SLP",
   "Postal Code": "78390",
   "Country": "MEX",
   "Phone": "011-524448241204",
   "Fax": "011-524448241203",
   "Email": "slsan@stores.fastenal.com"
 },
 {
   "code": "SOAGU",
   "Branch Code 4": "APMX",
   "Address": "CAlle 27 Ave 6 #651 Local 3",
   "City": "Agua Prieta",
   "State": "SON",
   "Postal Code": "84200",
   "Country": "MEX",
   "Phone": "526-333-3863",
   "Fax": "526-331-2120",
   "Email": "soagu@stores.fastenal.com"
 },
 {
   "code": "SOGUA",
   "Branch Code 4": "GUMX",
   "Address": "Carretera Internacional Salida",
   "City": "Guaymas",
   "State": "SON",
   "Postal Code": "85400",
   "Country": "MEX",
   "Phone": "011-526222213404",
   "Fax": "",
   "Email": "sogua@stores.fastenal.com"
 },
 {
   "code": "SOHER",
   "Branch Code 4": "HEMX",
   "Address": "Privado Hurtado",
   "City": "Hermosillo",
   "State": "SON",
   "Postal Code": "83204",
   "Country": "MEX",
   "Phone": "011-526622540000",
   "Fax": "011-526622540001",
   "Email": "soher@stores.fastenal.com"
 },
 {
   "code": "SONOG",
   "Branch Code 4": "NOMX",
   "Address": "Prolongacion Ave Obregon",
   "City": "Nogales",
   "State": "SON",
   "Postal Code": "84094",
   "Country": "MEX",
   "Phone": "011-526313140007",
   "Fax": "011-526313140019",
   "Email": "sonog@stores.fastenal.com"
 },
 {
   "code": "TAVIL",
   "Branch Code 4": "VLMX",
   "Address": "Periferico Carlos Pellicer",
   "City": "Villahermosa",
   "State": "TAB",
   "Postal Code": "86029",
   "Country": "MEX",
   "Phone": "529-932-6900",
   "Fax": "529-932-6900",
   "Email": "tavil@stores.fastenal.com"
 },
 {
   "code": "TMTAM",
   "Branch Code 4": "ALMX",
   "Address": "Avenida de la Industria",
   "City": "Altamira",
   "State": "TAMP",
   "Postal Code": "89606",
   "Country": "MEX",
   "Phone": "011-528331252158",
   "Fax": "011-528332268794",
   "Email": "tmtam@stores.fastenal.com"
 },
 {
   "code": "TMCDV",
   "Branch Code 4": "CAMX",
   "Address": "Libramiento Naciones Unidas",
   "City": "Ciudad Victoria",
   "State": "TAMP",
   "Postal Code": "87050",
   "Country": "MEX",
   "Phone": "011-528341350690",
   "Fax": "011-528341350689",
   "Email": "tmcdv@stores.fastenal.com"
 },
 {
   "code": "TMMAT",
   "Branch Code 4": "MAMX",
   "Address": "Prolongacion Gonzalez",
   "City": "Matamoros",
   "State": "TAMP",
   "Postal Code": "87360",
   "Country": "MEX",
   "Phone": "528-682-0399",
   "Fax": "528-688-1272",
   "Email": "tmmat@stores.fastenal.com"
 },
 {
   "code": "TMNUV",
   "Branch Code 4": "NDMX",
   "Address": "Carretera Nacional",
   "City": "Nuevo Laredo",
   "State": "TAMP",
   "Postal Code": "88295",
   "Country": "MEX",
   "Phone": "011-528671891006",
   "Fax": "011-528677153074",
   "Email": "tmnuv@stores.fastenal.com"
 },
 {
   "code": "TMREY",
   "Branch Code 4": "RYMX",
   "Address": "Ave San Rafael",
   "City": "Reynosa",
   "State": "TAMP",
   "Postal Code": "88740",
   "Country": "MEX",
   "Phone": "011-528991410612",
   "Fax": "011-528991410614",
   "Email": "tmrey@stores.fastenal.com"
 },
 {
   "code": "TLATL",
   "Branch Code 4": "TAMX",
   "Address": "Carretera Apizaco- Tlaxco Km 18.5",
   "City": "Tlaxco",
   "State": "TLAX",
   "Postal Code": "90250",
   "Country": "MEX",
   "Phone": "241-496-6019",
   "Fax": "241-496-6144",
   "Email": "tlatl@stores.fastenal.com"
 },
 {
   "code": "VLPOZ",
   "Branch Code 4": "PRMX",
   "Address": "Ave. Central Poniente 103 Tamaulipa",
   "City": "Poza Rica De Hidalgo",
   "State": "VER",
   "Postal Code": "93270",
   "Country": "MEX",
   "Phone": "782-111-0754",
   "Fax": "782-111-0149",
   "Email": "vlpoz@stores.fastenal.com"
 },
 {
   "code": "VLVER",
   "Branch Code 4": "VEMX",
   "Address": "Carretera Veracruz El Tejar",
   "City": "Veracruz",
   "State": "VER",
   "Postal Code": "91966",
   "Country": "MEX",
   "Phone": "229-167-0101",
   "Fax": "229-167-0034",
   "Email": "vlver@stores.fastenal.com"
 },
 {
   "code": "YUMER",
   "Branch Code 4": "MEMX",
   "Address": "Periferico Poniente",
   "City": "Merida",
   "State": "YUC",
   "Postal Code": "97203",
   "Country": "MEX",
   "Phone": "529-993-1600",
   "Fax": "529-993-1600",
   "Email": "yumer@stores.fastenal.com"
 },
 //southAmerica
  {
   "code": "BRCON",
   "Branch Code 4": "CGBR",
   "Address": "Avenida Riacho das Pedras 192",
   "City": "Contagem",
   "State": "99",
   "Postal Code": 32241320,
   "Country": "BRA",
   "Phone": "553-133-9614",
   "Fax": "",
   "Email": "brcon@stores.fastenal.com"
 },
 {
   "code": "BRGRA",
   "Branch Code 4": "GRBR",
   "Address": "Av. Brazil # 933",
   "City": "Gravatai",
   "State": "99",
   "Postal Code": 94150,
   "Country": "BRA",
   "Phone": "",
   "Fax": "",
   "Email": "brgra@stores.fastenal.com"
 },
 {
   "code": "BRSOR",
   "Branch Code 4": "SOBR",
   "Address": "Av. Quinze De Agosto, 5260",
   "City": "Sorocaba",
   "State": "99",
   "Postal Code": 18085290,
   "Country": "BRA",
   "Phone": "551-532-3833",
   "Fax": "",
   "Email": "brsor@stores.fastenal.com"
 },
 {
   "code": "BRSRC",
   "Branch Code 4": "SPBR",
   "Address": "Avenida Quinze De Agosto",
   "City": "Sorocaba",
   "State": "99",
   "Postal Code": 18085290,
   "Country": "BRA",
   "Phone": "",
   "Fax": "",
   "Email": "brsrc@stores.fastenal.com"
 },
 {
   "code": "CISAN",
   "Branch Code 4": "SACI",
   "Address": "Carretera General San Martin 8000",
   "City": "Santiago",
   "State": "99",
   "Postal Code": null,
   "Country": "CHL",
   "Phone": "011-56225920124",
   "Fax": "",
   "Email": "cisan@stores.fastenal.com"
 },
 {
   "code": "CLCAR",
   "Branch Code 4": "CACL",
   "Address": "Carrera 56 No 7-C 39 Km",
   "City": "Cartagena",
   "State": "99",
   "Postal Code": null,
   "Country": "COL",
   "Phone": "575-657-0298",
   "Fax": "575-657-0263",
   "Email": "clcar@stores.fastenal.com"
 },
 {
   "code": "CLBOG",
   "Branch Code 4": "BOCL",
   "Address": "Autopista Medellin KM 3.5 Siberia",
   "City": "Mosquera",
   "State": "99",
   "Postal Code": null,
   "Country": "COL",
   "Phone": "011-5718415282",
   "Fax": "571-893-7283",
   "Email": "clbog@stores.fastenal.com"
 },
 {
   "code": "DR001",
   "Branch Code 4": "HADR",
   "Address": "Las Americas Ind. Free Zone",
   "City": "Santo Domingo",
   "State": "DN",
   "Postal Code": null,
   "Country": "DOM",
   "Phone": "809-549-1655",
   "Fax": "809-549-2499",
   "Email": "dr001@stores.fastenal.com"
 },
 {
   "code": "PNDAV",
   "Branch Code 4": "CHPN",
   "Address": "Centro Industrial Coquito Park, Via",
   "City": "David",
   "State": "99",
   "Postal Code": null,
   "Country": "PAN",
   "Phone": "011-5077307621",
   "Fax": "011-5077307624",
   "Email": "pndav@stores.fastenal.com"
 },
 {
   "code": "PNPAN",
   "Branch Code 4": "PCPN",
   "Address": "Complejo de Galeras Industrial Ctyd",
   "City": "Panama City",
   "State": "99",
   "Postal Code": null,
   "Country": "PAN",
   "Phone": "011-5072326584",
   "Fax": "011-5072326559",
   "Email": "pnpan@stores.fastenal.com"
 }
]